DPA_PARROQ,DPA_DESPAR,DPA_DESCAN,DPA_DESPRO,altitud_media_m,PREDICCION_RIESGO,SCORE_PROBABILIDAD_ALTO
010150,CUENCA,CUENCA,AZUAY,2551.95,Bajo,5.270910951429243e-13
010151,BAÑOS,CUENCA,AZUAY,3495.57,Bajo,4.1462959226835242e-19
010152,CUMBE,CUENCA,AZUAY,3007.06,Bajo,8.298332150573082e-16
010153,CHAUCHA,CUENCA,AZUAY,2848.01,Bajo,8.492081736829417e-21
010154,CHECA (JIDCAY),CUENCA,AZUAY,3597.18,Bajo,8.07374017252485e-20
010155,CHIQUINTAD,CUENCA,AZUAY,3508.39,Bajo,8.689433553470756e-20
010156,LLACAO,CUENCA,AZUAY,2548.52,Bajo,7.538851879729156e-13
010157,MOLLETURO,CUENCA,AZUAY,2138.09,Bajo,1.0384423773114176e-19
010158,NULTI,CUENCA,AZUAY,2531.2,Bajo,8.451472533712071e-13
010159,OCTAVIO CORDERO PALACIOS (STA. ROSA),CUENCA,AZUAY,2948.94,Bajo,3.041214489443772e-16
010160,PACCHA,CUENCA,AZUAY,2646.52,Bajo,7.879874321454107e-14
010161,QUINGEO,CUENCA,AZUAY,2935.9,Bajo,4.232266864810896e-15
010162,RICAURTE,CUENCA,AZUAY,2552.87,Bajo,1.1632716858205246e-12
010163,SAN JOAQUIN,CUENCA,AZUAY,3624.25,Bajo,5.275274235062028e-20
010164,SANTA ANA,CUENCA,AZUAY,2819.29,Bajo,4.676460311401941e-15
010165,SAYAUSI,CUENCA,AZUAY,3746.81,Bajo,1.703245726961048e-20
010166,SIDCAY,CUENCA,AZUAY,2688.21,Bajo,2.6233422007535793e-13
010167,SININCAY,CUENCA,AZUAY,3052.59,Bajo,1.3480496609484079e-17
010168,TARQUI,CUENCA,AZUAY,2940.59,Bajo,3.4105487352461915e-17
010169,TURI,CUENCA,AZUAY,2716.44,Bajo,7.385824180630027e-14
010170,VALLE,CUENCA,AZUAY,2699.87,Bajo,4.9978877497703836e-14
010171,VICTORIA DEL PORTETE (IRQUIS),CUENCA,AZUAY,3130.44,Bajo,1.3988219411630864e-17
010250,GIRON,GIRON,AZUAY,2708.4,Bajo,2.5501698235479675e-17
010251,ASUNCION,GIRON,AZUAY,1935.34,Bajo,1.8890105883620252e-14
010252,SAN GERARDO,GIRON,AZUAY,3004.45,Bajo,1.3381833257493715e-17
010350,GUALACEO,GUALACEO,AZUAY,2565.92,Bajo,1.878458150288035e-14
010352,DANIEL CORDOVA TORAL (EL ORIENTE),GUALACEO,AZUAY,3030.71,Bajo,4.1779543852662633e-16
010353,JADAN,GUALACEO,AZUAY,2842.26,Bajo,6.312949245174731e-15
010354,MARIANO MORENO,GUALACEO,AZUAY,2946.28,Bajo,6.945721928096202e-16
010356,REMIGIO CRESPO TORAL (GULAG),GUALACEO,AZUAY,2911.46,Bajo,1.875647138371037e-16
010357,SAN JUAN,GUALACEO,AZUAY,2743.55,Bajo,8.08711300858013e-15
010358,ZHIDMAD,GUALACEO,AZUAY,2915.06,Bajo,5.006803336939855e-15
010359,LUIS CORDERO VEGA,GUALACEO,AZUAY,3209.47,Bajo,1.1084047023852293e-17
010360,SIMON BOLIVAR (CAB. EN GAÑANZOL),GUALACEO,AZUAY,2498.62,Bajo,4.250370917771317e-13
010450,NABON,NABON,AZUAY,3021.1,Bajo,4.2450590268122454e-17
010451,COCHAPATA,NABON,AZUAY,2722.11,Bajo,4.241840708502759e-16
010452,EL PROGRESO (CAB. EN ZHOTA),NABON,AZUAY,2171.74,Bajo,2.0921576337251742e-14
010453,LAS NIEVES (CHAYA),NABON,AZUAY,2865.59,Bajo,5.447564901545983e-16
010550,PAUTE,PAUTE,AZUAY,2661.05,Bajo,8.832751437834077e-15
010552,BULAN (JOSE VICTOR IZQUIERDO),PAUTE,AZUAY,2934.13,Bajo,5.025668753451129e-16
010553,CHICAN (GUILLERMO ORTEGA),PAUTE,AZUAY,2610.66,Bajo,3.087723027470112e-14
010554,EL CABO,PAUTE,AZUAY,2624.0,Bajo,4.546978234558218e-14
010556,GUARAINAG,PAUTE,AZUAY,2746.55,Bajo,1.8330076442078726e-16
010559,SAN CRISTOBAL (CARLOS ORDOÑEZ LAZO),PAUTE,AZUAY,2635.01,Bajo,6.850963558068546e-14
010561,TOMEBAMBA,PAUTE,AZUAY,2832.37,Bajo,7.896694175471136e-17
010562,DUG DUG,PAUTE,AZUAY,2902.59,Bajo,9.154192714896908e-17
010650,PUCARA,PUCARA,AZUAY,2303.66,Bajo,9.633440795438625e-18
010652,SAN RAFAEL DE SHARUG,PUCARA,AZUAY,1528.1,Bajo,6.737401374997063e-13
010750,SAN FERNANDO,SAN FERNANDO,AZUAY,3059.11,Bajo,1.1789450477216221e-18
010751,CHUMBLIN,SAN FERNANDO,AZUAY,3359.29,Bajo,4.1833097726512505e-18
010850,SANTA ISABEL (CHAGUARURCO),SANTA ISABEL,AZUAY,1431.77,Bajo,8.928371957666815e-10
010851,ABDON CALDERON (LA UNION),SANTA ISABEL,AZUAY,1637.19,Bajo,6.313274438592547e-12
010852,EL CARMEN DE PIJILI,SANTA ISABEL,AZUAY,1297.88,Bajo,9.887936591716405e-15
010853,ZHAGLLI (SHAGLLI ),SANTA ISABEL,AZUAY,3332.76,Bajo,1.5316008815249208e-19
010854,SAN SALVADOR DE CAÑARIBAMBA,SANTA ISABEL,AZUAY,2508.12,Bajo,3.48938122101777e-17
010950,SIGSIG,SIGSIG,AZUAY,3045.89,Bajo,2.728091011038263e-18
010951,CUCHIL (CUTCHIL),SIGSIG,AZUAY,3055.75,Bajo,1.732074919507458e-17
010952,GIMA,SIGSIG,AZUAY,3084.27,Bajo,1.3890215701671332e-16
010953,GUEL,SIGSIG,AZUAY,2890.56,Bajo,8.742361933987974e-17
010954,LUDO,SIGSIG,AZUAY,2802.24,Bajo,6.089016401999077e-15
010955,SAN BARTOLOME,SIGSIG,AZUAY,2790.42,Bajo,3.789729679464007e-15
010956,SAN JOSE DE RARANGA,SIGSIG,AZUAY,2810.39,Bajo,3.24876692375526e-15
011050,SAN FELIPE DE OÑA,OÑA,AZUAY,2841.65,Bajo,3.721836898944033e-16
011051,SUSUDEL,OÑA,AZUAY,2280.66,Bajo,1.6018285532177394e-14
011150,CHORDELEG,CHORDELEG,AZUAY,2467.87,Bajo,2.820841689688053e-13
011151,PRINCIPAL,CHORDELEG,AZUAY,3217.61,Bajo,5.601381377593702e-18
011152,LA UNION,CHORDELEG,AZUAY,2763.27,Bajo,4.6799757546427674e-15
011153,LUIS GALARZA ORELLANA (CAB. EN DELEGSOL),CHORDELEG,AZUAY,3247.17,Bajo,4.752356533737035e-18
011154,SAN MARTIN DE PUZHIO,CHORDELEG,AZUAY,2917.05,Bajo,7.04375550873011e-16
011250,EL PAN,EL PAN,AZUAY,2603.1,Bajo,4.505547520156151e-15
011253,SAN VICENTE,EL PAN,AZUAY,3079.51,Bajo,2.134807589062431e-17
011350,SEVILLA DE ORO,SEVILLA DE ORO,AZUAY,2952.69,Bajo,4.9704324024868663e-17
011351,AMALUZA,SEVILLA DE ORO,AZUAY,2478.52,Bajo,2.0498555957592732e-17
011352,PALMAS,SEVILLA DE ORO,AZUAY,2880.97,Bajo,3.8082117697034616e-17
011450,GUACHAPALA,GUACHAPALA,AZUAY,2594.16,Bajo,4.452535614719625e-15
011550,CAMILO PONCE ENRIQUEZ,CAMILO PONCE ENRIQUEZ,AZUAY,721.13,Bajo,5.932979258746744e-09
020150,GUARANDA,GUARANDA,BOLIVAR,3030.89,Bajo,5.452344327506655e-22
020151,FACUNDO VELA,GUARANDA,BOLIVAR,1706.12,Bajo,1.4723035237255272e-12
020153,JULIO E. MORENO (CATANAHUAN GRANDE),GUARANDA,BOLIVAR,2250.85,Bajo,2.9726761970872426e-15
020155,SALINAS,GUARANDA,BOLIVAR,2362.35,Bajo,9.846194100678816e-20
020156,SAN LORENZO,GUARANDA,BOLIVAR,3469.12,Bajo,5.14597562945289e-20
020157,SAN SIMON (YACOTO),GUARANDA,BOLIVAR,3348.27,Bajo,1.1435080536098005e-19
020158,SANTA FE (SANTA FE),GUARANDA,BOLIVAR,2881.27,Bajo,2.0325428245039354e-15
020159,SIMIATUG,GUARANDA,BOLIVAR,3231.01,Bajo,6.011264145999798e-21
020160,SAN LUIS DE PAMBIL,GUARANDA,BOLIVAR,663.1,Bajo,1.6644002988989623e-06
020250,CHILLANES,CHILLANES,BOLIVAR,1931.73,Bajo,4.1509150718485254e-14
020251,SAN JOSE DEL TAMBO (TAMBOPAMBA),CHILLANES,BOLIVAR,866.13,Bajo,7.714518061343865e-11
020350,SAN JOSE DE CHIMBO,CHIMBO,BOLIVAR,2560.99,Bajo,3.8971895460158e-13
020351,ASUNCION (ASANCOTO),CHIMBO,BOLIVAR,2778.59,Bajo,4.696868584626845e-15
020353,MAGDALENA (CHAPACOTO),CHIMBO,BOLIVAR,2717.64,Bajo,4.410766345814232e-15
020354,SAN SEBASTIAN,CHIMBO,BOLIVAR,2639.08,Bajo,3.7883403531229073e-14
020355,TELIMBELA,CHIMBO,BOLIVAR,1243.36,Bajo,4.01484936032596e-11
020450,ECHEANDIA,ECHEANDIA,BOLIVAR,672.4,Bajo,1.3043052348965118e-06
020550,SAN MIGUEL,SAN MIGUEL,BOLIVAR,2635.74,Bajo,4.807389983379243e-15
020551,BALSAPAMBA,SAN MIGUEL,BOLIVAR,1572.6,Bajo,1.9572338195254453e-13
020552,BILOVAN,SAN MIGUEL,BOLIVAR,1717.68,Bajo,1.9876663513022834e-13
020553,REGULO DE MORA,SAN MIGUEL,BOLIVAR,1204.46,Bajo,3.138440245853458e-10
020554,SAN PABLO (SAN PABLO DE ATENAS),SAN MIGUEL,BOLIVAR,2517.72,Bajo,4.858033985000694e-15
020555,SANTIAGO,SAN MIGUEL,BOLIVAR,3347.86,Bajo,9.401308756121715e-20
020556,SAN VICENTE,SAN MIGUEL,BOLIVAR,2719.4,Bajo,4.92992746805931e-16
020650,CALUMA,CALUMA,BOLIVAR,935.95,Bajo,1.0903986827878678e-11
020750,LAS NAVES,LAS NAVES,BOLIVAR,382.6,Medio,0.0005361970489114537
030150,AZOGUES,AZOGUES,CAÑAR,2840.18,Bajo,4.498189266970296e-16
030151,COJITAMBO,AZOGUES,CAÑAR,2775.19,Bajo,5.5395995437510933e-14
030153,GUAPAN,AZOGUES,CAÑAR,3222.26,Bajo,3.7042419313709596e-17
030154,JAVIER LOYOLA (CHUQUIPATA),AZOGUES,CAÑAR,2507.0,Bajo,7.396569141977413e-13
030155,LUIS CORDERO,AZOGUES,CAÑAR,2882.93,Bajo,1.3956283754161607e-14
030156,PINDILIG,AZOGUES,CAÑAR,3190.39,Bajo,1.1109629114418376e-17
030157,RIVERA,AZOGUES,CAÑAR,3137.74,Bajo,8.420523050231735e-19
030158,SAN MIGUEL,AZOGUES,CAÑAR,2729.65,Bajo,1.7643720961235842e-14
030160,TADAY,AZOGUES,CAÑAR,3229.14,Bajo,1.3524220048980664e-17
030250,BIBLIAN,BIBLIAN,CAÑAR,3098.61,Bajo,2.7712010260392535e-17
030251,NAZON (CAB. EN PAMPA DE DOMINGUEZ),BIBLIAN,CAÑAR,3426.68,Bajo,1.5226841770666816e-19
030252,SAN FRANCISCO DE SAGEO,BIBLIAN,CAÑAR,2903.96,Bajo,4.0103493284610186e-16
030253,TURUPAMBA,BIBLIAN,CAÑAR,2896.45,Bajo,8.686348467012495e-15
030254,JERUSALEN,BIBLIAN,CAÑAR,3458.03,Bajo,4.0437203260700347e-19
030350,CAÑAR,CAÑAR,CAÑAR,3180.09,Bajo,9.888042846564722e-19
030351,CHONTAMARCA,CAÑAR,CAÑAR,1402.27,Bajo,1.6573184945574676e-13
030352,CHOROCOPTE,CAÑAR,CAÑAR,3620.94,Bajo,1.3487163610504862e-18
030353,GENERAL MORALES (SOCARTE),CAÑAR,CAÑAR,2104.82,Bajo,5.031605730452808e-15
030354,GUALLETURO,CAÑAR,CAÑAR,3222.98,Bajo,5.939551954481527e-21
030355,HONORATO VASQUEZ (TAMBO VIEJO),CAÑAR,CAÑAR,3315.88,Bajo,1.8041088938562458e-17
030356,INGAPIRCA,CAÑAR,CAÑAR,3603.86,Bajo,2.2487061989139186e-20
030357,JUNCAL,CAÑAR,CAÑAR,3656.57,Bajo,5.3476351618631206e-21
030358,SAN ANTONIO,CAÑAR,CAÑAR,2295.31,Bajo,1.2319948730604506e-19
030361,ZHUD,CAÑAR,CAÑAR,3075.62,Bajo,2.5499682137363397e-19
030362,VENTURA,CAÑAR,CAÑAR,751.82,Bajo,2.8052718261046515e-06
030363,DUCUR,CAÑAR,CAÑAR,1204.58,Bajo,2.9640878231675216e-10
030450,LA TRONCAL,LA TRONCAL,CAÑAR,150.81,Medio,0.13456071293256036
030451,MANUEL J. CALLE,LA TRONCAL,CAÑAR,49.74,Alto,0.8410981529671525
030452,PANCHO NEGRO,LA TRONCAL,CAÑAR,65.74,Alto,0.90908537288158
030550,EL TAMBO,EL TAMBO,CAÑAR,3318.33,Bajo,1.5889309730233715e-19
030650,DELEG,DELEG,CAÑAR,3003.78,Bajo,5.4029645396523106e-17
030651,SOLANO,DELEG,CAÑAR,2649.68,Bajo,1.8817928929821725e-13
030750,SUSCAL,SUSCAL,CAÑAR,2470.64,Bajo,2.5368324954037952e-15
040150,TULCAN,TULCAN,CARCHI,3131.8,Bajo,1.5815800283943884e-16
040151,EL CARMELO (EL PUN),TULCAN,CARCHI,3112.56,Bajo,9.856329111800072e-17
040153,JULIO ANDRADE (OREJUELA),TULCAN,CARCHI,3173.2,Bajo,1.4752840225816076e-16
040154,MALDONADO,TULCAN,CARCHI,2816.72,Bajo,6.820143831672803e-21
040155,PIOTER,TULCAN,CARCHI,3064.1,Bajo,2.3970769908186907e-16
040156,TOBAR DONOSO (LA BOCANA DE CAMUMBI),TULCAN,CARCHI,768.0,Bajo,1.832549477077981e-08
040157,TUFIÑO,TULCAN,CARCHI,3548.21,Bajo,5.5473430309099e-21
040158,URBINA (TAYA),TULCAN,CARCHI,3030.11,Bajo,9.850922190969613e-16
040159,EL CHICAL,TULCAN,CARCHI,1315.87,Bajo,1.8691763964115878e-12
040161,SANTA MARTHA DE CUBA,TULCAN,CARCHI,2935.11,Bajo,3.9165143161166556e-16
040250,BOLIVAR,BOLIVAR,CARCHI,2722.97,Bajo,1.470075148193547e-17
040251,GARCIA MORENO,BOLIVAR,CARCHI,2797.54,Bajo,1.3169309559697415e-16
040252,LOS ANDES,BOLIVAR,CARCHI,2351.72,Bajo,1.3604122760283767e-13
040253,MONTE OLIVO,BOLIVAR,CARCHI,3081.69,Bajo,3.652890032376555e-18
040254,SAN VICENTE DE PUSIR,BOLIVAR,CARCHI,1865.35,Bajo,1.3506441967383157e-11
040255,SAN RAFAEL,BOLIVAR,CARCHI,2299.48,Bajo,5.1820232551726745e-15
040350,EL ANGEL,ESPEJO,CARCHI,3307.04,Bajo,3.0658526758212316e-18
040351,EL GOALTAL,ESPEJO,CARCHI,2301.64,Bajo,1.43428310373081e-17
040352,LA LIBERTAD (ALIZO),ESPEJO,CARCHI,3600.69,Bajo,2.0636710108524766e-19
040353,SAN ISIDRO,ESPEJO,CARCHI,3105.48,Bajo,1.2199061672401492e-17
040450,MIRA (CHONTAHUASI),MIRA,CARCHI,2504.36,Bajo,5.2290863405358053e-17
040451,CONCEPCION,MIRA,CARCHI,2240.81,Bajo,1.9094274998254547e-17
040452,JIJON Y CAAMAÑO (CAB. EN RIO BLANCO),MIRA,CARCHI,1372.52,Bajo,1.2755344011729497e-11
040453,JUAN MONTALVO (SAN IGNACIO DE QUIL),MIRA,CARCHI,2024.81,Bajo,3.4823936045197756e-14
040550,SAN GABRIEL,MONTUFAR,CARCHI,3083.44,Bajo,5.584354241708765e-17
040551,CRISTOBAL COLON,MONTUFAR,CARCHI,2968.68,Bajo,3.2973805568130664e-16
040552,CHITAN DE NAVARRETE,MONTUFAR,CARCHI,3258.37,Bajo,5.786698170111016e-17
040553,FERNANDEZ SALVADOR,MONTUFAR,CARCHI,3225.62,Bajo,4.192401162857266e-18
040554,LA PAZ,MONTUFAR,CARCHI,3018.33,Bajo,1.2552100516840667e-17
040555,PIARTAL,MONTUFAR,CARCHI,3065.22,Bajo,1.7757667054189452e-16
040650,HUACA,SAN PEDRO DE HUACA,CARCHI,3000.99,Bajo,4.1695730080063275e-16
040651,MARISCAL SUCRE,SAN PEDRO DE HUACA,CARCHI,3394.18,Bajo,1.4662366401721323e-18
050150,LATACUNGA,LATACUNGA,COTOPAXI,3296.09,Bajo,8.87631158843661e-19
050151,ALAQUES (ALAQUEZ),LATACUNGA,COTOPAXI,3527.36,Bajo,6.429960267572802e-19
050152,BELISARIO QUEVEDO (GUANAILIN),LATACUNGA,COTOPAXI,2981.19,Bajo,1.8850985838309738e-17
050153,GUAITACAMA (GUAYTACAMA),LATACUNGA,COTOPAXI,2918.73,Bajo,3.467275311499401e-14
050154,JOSEGUANGO BAJO,LATACUNGA,COTOPAXI,2917.55,Bajo,6.494701240771978e-14
050156,MULALO,LATACUNGA,COTOPAXI,3700.66,Bajo,1.8314527008139695e-25
050157,11 DE NOVIEMBRE (ILINCHISI),LATACUNGA,COTOPAXI,2921.32,Bajo,8.90286413430668e-14
050158,POALO,LATACUNGA,COTOPAXI,3510.37,Bajo,2.1009440511340272e-19
050159,SAN JUAN DE PASTOCALLE,LATACUNGA,COTOPAXI,3459.64,Bajo,1.8627247411230785e-22
050161,TANICUCHI,LATACUNGA,COTOPAXI,3094.13,Bajo,1.0148775455006998e-17
050162,TOACASO,LATACUNGA,COTOPAXI,3552.31,Bajo,7.179928028078744e-23
050250,LA MANA,LA MANA,COTOPAXI,311.22,Medio,0.0007667817537927664
050251,GUASAGANDA (CAB. EN GUASAGANDA CENTRO),LA MANA,COTOPAXI,1066.86,Bajo,2.5962748070004176e-12
050252,PUCAYACU,LA MANA,COTOPAXI,1426.37,Bajo,2.808903110209631e-12
050350,EL CORAZON,PANGUA,COTOPAXI,2191.14,Bajo,2.2255158104705114e-17
050351,MORASPUNGO,PANGUA,COTOPAXI,596.94,Bajo,8.148814539625133e-08
050352,PINLLOPATA,PANGUA,COTOPAXI,2532.76,Bajo,6.621045036614142e-16
050353,RAMON CAMPAÑA,PANGUA,COTOPAXI,1722.41,Bajo,1.0785309373048575e-12
050450,PUJILI,PUJILI,COTOPAXI,3437.23,Bajo,7.566344351644032e-20
050451,ANGAMARCA,PUJILI,COTOPAXI,3675.79,Bajo,1.1504545757079764e-21
050453,GUANGAJE,PUJILI,COTOPAXI,3733.18,Bajo,5.132571886343945e-20
050455,LA VICTORIA,PUJILI,COTOPAXI,3137.32,Bajo,8.572234806846434e-17
050456,PILALO,PUJILI,COTOPAXI,2873.87,Bajo,5.007691891694188e-20
050457,TINGO,PUJILI,COTOPAXI,1303.22,Bajo,1.2687565176592284e-15
050458,ZUMBAHUA,PUJILI,COTOPAXI,3830.52,Bajo,1.6978476196271878e-21
050550,SAN MIGUEL,SALCEDO,COTOPAXI,3369.1,Bajo,5.12825875564099e-19
050551,ANTONIO JOSE HOLGUIN (SANTA LUCIA),SALCEDO,COTOPAXI,2714.68,Bajo,1.0447478732971588e-12
050552,CUSUBAMBA,SALCEDO,COTOPAXI,3769.85,Bajo,5.798152576206908e-21
050553,MULALILLO,SALCEDO,COTOPAXI,3129.55,Bajo,1.7090172745142536e-18
050554,MULLIQUINDIL (SANTA ANA),SALCEDO,COTOPAXI,3141.6,Bajo,3.2488936646847313e-18
050555,PANSALEO,SALCEDO,COTOPAXI,2632.33,Bajo,1.104881200929437e-12
050650,SAQUISILI,SAQUISILI,COTOPAXI,3157.46,Bajo,1.3006959129479742e-16
050651,CANCHAGUA,SAQUISILI,COTOPAXI,3247.41,Bajo,1.5443282711616847e-16
050652,CHANTILIN,SAQUISILI,COTOPAXI,2886.13,Bajo,1.769534423579274e-13
050653,COCHAPAMBA,SAQUISILI,COTOPAXI,3702.89,Bajo,1.4407372068843534e-19
050750,SIGCHOS,SIGCHOS,COTOPAXI,2579.49,Bajo,3.253345318845254e-22
050751,CHUGCHILLAN,SIGCHOS,COTOPAXI,2737.02,Bajo,1.250740645321117e-18
050752,ISINLIVI,SIGCHOS,COTOPAXI,3352.12,Bajo,2.0223313512078822e-19
050753,LAS PAMPAS,SIGCHOS,COTOPAXI,1862.24,Bajo,3.3446734387713722e-12
050754,PALO QUEMADO,SIGCHOS,COTOPAXI,1591.11,Bajo,3.3640661027054486e-11
060150,RIOBAMBA,RIOBAMBA,CHIMBORAZO,2824.93,Bajo,2.570027086378635e-15
060151,CACHA (CAB. EN MACHANGARA),RIOBAMBA,CHIMBORAZO,3302.83,Bajo,6.271395340653066e-17
060152,CALPI,RIOBAMBA,CHIMBORAZO,3239.02,Bajo,1.2781062263479307e-17
060153,CUBIJIES,RIOBAMBA,CHIMBORAZO,2673.92,Bajo,7.485427105764072e-13
060154,FLORES,RIOBAMBA,CHIMBORAZO,3244.06,Bajo,1.7664508458245227e-16
060155,LICAN,RIOBAMBA,CHIMBORAZO,3017.42,Bajo,2.0979020323346264e-15
060156,LICTO,RIOBAMBA,CHIMBORAZO,2977.46,Bajo,1.4761218183408264e-15
060157,PUNGALA,RIOBAMBA,CHIMBORAZO,3709.73,Bajo,1.5450783856503184e-20
060158,PUNIN,RIOBAMBA,CHIMBORAZO,3175.25,Bajo,1.7309404288512574e-16
060159,QUIMIAG,RIOBAMBA,CHIMBORAZO,3465.32,Bajo,6.409832675802393e-23
060160,SAN JUAN,RIOBAMBA,CHIMBORAZO,3950.44,Bajo,3.93978250727881e-27
060161,SAN LUIS,RIOBAMBA,CHIMBORAZO,2753.43,Bajo,1.4383549004302592e-14
060250,ALAUSI,ALAUSI,CHIMBORAZO,2811.47,Bajo,3.932689773716179e-17
060251,ACHUPALLAS,ALAUSI,CHIMBORAZO,3846.75,Bajo,2.260828902338818e-21
060253,GUASUNTOS,ALAUSI,CHIMBORAZO,3055.55,Bajo,4.274304133269244e-17
060254,HUIGRA,ALAUSI,CHIMBORAZO,1908.61,Bajo,1.2030077796788207e-14
060255,MULTITUD,ALAUSI,CHIMBORAZO,1920.23,Bajo,1.729498442451115e-15
060256,PISTISHI (NARIZ DEL DIABLO),ALAUSI,CHIMBORAZO,2315.11,Bajo,1.145727821978423e-13
060257,PUMALLACTA,ALAUSI,CHIMBORAZO,3198.23,Bajo,4.0627860836811384e-19
060258,SEVILLA,ALAUSI,CHIMBORAZO,3356.94,Bajo,5.15016755765998e-20
060259,SIBAMBE,ALAUSI,CHIMBORAZO,2713.78,Bajo,3.2755540745094406e-17
060260,TIXAN,ALAUSI,CHIMBORAZO,3506.81,Bajo,7.106267072116292e-20
060350,VILLA LA UNION (CAJABAMBA),COLTA,CHIMBORAZO,3663.82,Bajo,5.875994725664401e-20
060351,CAÑI,COLTA,CHIMBORAZO,3168.16,Bajo,8.513509402776132e-20
060352,COLUMBE,COLTA,CHIMBORAZO,3609.37,Bajo,1.0893705104800324e-19
060353,JUAN DE VELASCO (PANGOR),COLTA,CHIMBORAZO,3217.73,Bajo,2.908373930740188e-20
060354,SANTIAGO DE QUITO (CAB. EN SAN ANTONIO DE QUITO),COLTA,CHIMBORAZO,3404.52,Bajo,7.839526989270241e-17
060450,CHAMBO,CHAMBO,CHIMBORAZO,3559.43,Bajo,3.1164612525073654e-21
060550,CHUNCHI,CHUNCHI,CHIMBORAZO,3244.26,Bajo,8.763584892703444e-21
060551,CAPZOL,CHUNCHI,CHIMBORAZO,2304.61,Bajo,7.013385143327644e-16
060552,COMPUD,CHUNCHI,CHIMBORAZO,3037.97,Bajo,5.814998273678425e-20
060553,GONZOL,CHUNCHI,CHIMBORAZO,2866.66,Bajo,1.5495751905301666e-17
060554,LLAGOS,CHUNCHI,CHIMBORAZO,2760.01,Bajo,1.5125533711082972e-19
060650,GUAMOTE,GUAMOTE,CHIMBORAZO,3558.3,Bajo,1.0303209556149445e-19
060651,CEBADAS,GUAMOTE,CHIMBORAZO,3721.47,Bajo,6.3425635857795345e-21
060652,PALMIRA,GUAMOTE,CHIMBORAZO,3530.71,Bajo,1.455376406143703e-19
060750,GUANO,GUANO,CHIMBORAZO,2858.53,Bajo,2.5341908662731245e-18
060751,GUANANDO,GUANO,CHIMBORAZO,2622.65,Bajo,8.898074186323363e-16
060752,ILAPO,GUANO,CHIMBORAZO,3437.29,Bajo,8.057154807395353e-19
060753,LA PROVIDENCIA,GUANO,CHIMBORAZO,2638.39,Bajo,9.405949402507899e-15
060754,SAN ANDRES,GUANO,CHIMBORAZO,3808.6,Bajo,3.9641770519883846e-27
060755,SAN GERARDO DE PACAICAGUAN,GUANO,CHIMBORAZO,2668.63,Bajo,7.868792207488914e-13
060756,SAN ISIDRO DE PATULU,GUANO,CHIMBORAZO,3556.05,Bajo,4.633731677560251e-20
060757,SAN JOSE DEL CHAZO,GUANO,CHIMBORAZO,3098.58,Bajo,7.876647493086226e-17
060758,SANTA FE DE GALAN,GUANO,CHIMBORAZO,3528.2,Bajo,1.8701498993255033e-19
060759,VALPARAISO,GUANO,CHIMBORAZO,3478.69,Bajo,3.6482500352588387e-19
060850,PALLATANGA,PALLATANGA,CHIMBORAZO,2530.35,Bajo,2.4306614609360106e-19
060950,PENIPE,PENIPE,CHIMBORAZO,3045.67,Bajo,4.5957181870641e-19
060951,EL ALTAR,PENIPE,CHIMBORAZO,3262.87,Bajo,2.0612351942983007e-18
060952,MATUS,PENIPE,CHIMBORAZO,3473.8,Bajo,1.485433123008469e-19
060953,PUELA,PENIPE,CHIMBORAZO,3286.98,Bajo,4.933032611592405e-22
060954,SAN ANTONIO DE BAYUSHIG,PENIPE,CHIMBORAZO,2756.8,Bajo,5.932533839884547e-14
060955,LA CANDELARIA,PENIPE,CHIMBORAZO,3900.72,Bajo,1.3285237313203132e-23
060956,BILBAO (CAB. EN QUILLUYACU),PENIPE,CHIMBORAZO,2918.86,Bajo,1.8064162402633505e-21
061050,CUMANDA,CUMANDA,CHIMBORAZO,1056.25,Bajo,1.826795022543934e-12
070150,MACHALA,MACHALA,EL ORO,9.08,Alto,0.9914037337917474
070152,EL RETIRO,MACHALA,EL ORO,6.47,Alto,0.988029099406782
070250,ARENILLAS,ARENILLAS,EL ORO,158.45,Medio,0.11098757028526562
070251,CHACRAS,ARENILLAS,EL ORO,28.29,Alto,0.9496498586313292
070254,PALMALES,ARENILLAS,EL ORO,147.9,Alto,0.7365195877192622
070255,CARCABON,ARENILLAS,EL ORO,72.48,Alto,0.8920867450585998
070256,LA CUCA,ARENILLAS,EL ORO,9.8,Alto,0.9926967337340696
070350,PACCHA,ATAHUALPA,EL ORO,1919.67,Bajo,2.879395149585075e-14
070351,AYAPAMBA,ATAHUALPA,EL ORO,1500.5,Bajo,4.048066249547204e-11
070352,CORDONCILLO,ATAHUALPA,EL ORO,2041.78,Bajo,1.8534719956207647e-15
070353,MILAGRO,ATAHUALPA,EL ORO,1191.65,Bajo,2.5913427253959277e-06
070354,SAN JOSE,ATAHUALPA,EL ORO,1004.94,Bajo,1.3466224264310655e-05
070355,SAN JUAN DE CERRO AZUL,ATAHUALPA,EL ORO,889.79,Bajo,1.694312433615146e-07
070450,BALSAS,BALSAS,EL ORO,792.78,Bajo,7.027535709882665e-06
070451,BELLAMARIA,BALSAS,EL ORO,705.07,Bajo,0.00010997462287174764
070550,CHILLA,CHILLA,EL ORO,1834.75,Bajo,1.1998780458677935e-16
070650,EL GUABO,EL GUABO,EL ORO,370.77,Medio,0.006670879993361571
070651,BARBONES (SUCRE),EL GUABO,EL ORO,5.51,Alto,0.9951803873431974
070652,LA IBERIA,EL GUABO,EL ORO,13.85,Alto,0.9179801298389713
070653,TENDALES (CAB. EN PUERTO TENDALES),EL GUABO,EL ORO,3.64,Alto,0.9987256973260777
070654,RIO BONITO,EL GUABO,EL ORO,662.23,Bajo,8.633927191184071e-11
070750,HUAQUILLAS,HUAQUILLAS,EL ORO,6.58,Alto,0.9897095007429648
070850,MARCABELI,MARCABELI,EL ORO,641.24,Bajo,6.594431114897699e-05
070851,EL INGENIO,MARCABELI,EL ORO,800.66,Bajo,2.489700132024627e-05
070950,PASAJE,PASAJE,EL ORO,278.93,Medio,0.0004238986542332936
070951,BUENAVISTA,PASAJE,EL ORO,38.79,Alto,0.9983081627928363
070952,CASACAY,PASAJE,EL ORO,337.1,Medio,0.0012729694041925738
070953,LA PEAÑA,PASAJE,EL ORO,22.29,Alto,0.860123327969862
070954,PROGRESO,PASAJE,EL ORO,779.73,Bajo,1.6624947441357528e-11
070955,UZHCURRUMI,PASAJE,EL ORO,771.04,Bajo,3.0937610170470476e-07
070956,CAÑAQUEMADA,PASAJE,EL ORO,32.15,Alto,0.987519182271854
071050,PIÑAS,PIÑAS,EL ORO,1237.59,Bajo,2.5079837637783077e-10
071051,CAPIRO (CAB. EN LA CAPILLA DE CAPIRO),PIÑAS,EL ORO,849.22,Bajo,5.0986161420047486e-06
071052,LA BOCANA,PIÑAS,EL ORO,425.5,Bajo,0.0003629244190016924
071053,MOROMORO (CAB. EN EL VADO),PIÑAS,EL ORO,1046.95,Bajo,2.7546536612313956e-09
071054,PIEDRAS,PIÑAS,EL ORO,233.27,Medio,0.0345020566872264
071055,SAN ROQUE (AMBROSIO MALDONADO),PIÑAS,EL ORO,956.6,Bajo,1.4024618012006286e-06
071056,SARACAY,PIÑAS,EL ORO,479.3,Bajo,4.483389941495345e-05
071150,PORTOVELO,PORTOVELO,EL ORO,764.39,Bajo,3.2984154263992396e-05
071151,CURTINCAPA,PORTOVELO,EL ORO,1134.82,Bajo,1.2537838172431694e-09
071152,MORALES,PORTOVELO,EL ORO,2286.98,Bajo,1.1083957728388255e-16
071153,SALATI,PORTOVELO,EL ORO,1682.37,Bajo,5.334654942363377e-15
071250,SANTA ROSA,SANTA ROSA,EL ORO,36.31,Alto,0.9866666665980687
071251,BELLAVISTA,SANTA ROSA,EL ORO,44.72,Alto,0.9994063908955878
071252,JAMBELI,SANTA ROSA,EL ORO,2.1,Alto,0.9999894616032338
071253,LA AVANZADA,SANTA ROSA,EL ORO,191.38,Medio,0.07338563819551729
071254,SAN ANTONIO,SANTA ROSA,EL ORO,83.95,Alto,0.9015199130102344
071255,TORATA,SANTA ROSA,EL ORO,588.11,Bajo,1.152425630452311e-05
071256,VICTORIA,SANTA ROSA,EL ORO,205.39,Medio,0.012511272328649433
071257,BELLAMARIA,SANTA ROSA,EL ORO,340.15,Medio,0.00046933335457402287
071350,ZARUMA,ZARUMA,EL ORO,1061.04,Bajo,6.766835330329983e-07
071351,ABAÑIN,ZARUMA,EL ORO,1224.62,Bajo,6.960852817592164e-09
071352,ARCAPAMBA,ZARUMA,EL ORO,1665.51,Bajo,6.795438284495988e-11
071353,GUANAZAN,ZARUMA,EL ORO,2511.4,Bajo,8.081607931942786e-18
071354,GUIZHAGUIÑA,ZARUMA,EL ORO,2289.16,Bajo,4.332381891762923e-17
071355,HUERTAS,ZARUMA,EL ORO,1975.12,Bajo,4.550967085355093e-15
071356,MALVAS,ZARUMA,EL ORO,1070.8,Bajo,6.730402231979305e-07
071357,MULUNCAY GRANDE,ZARUMA,EL ORO,1201.46,Bajo,5.499761532882453e-09
071358,SINSAO,ZARUMA,EL ORO,1762.91,Bajo,1.219957323753511e-14
071359,SALVIAS,ZARUMA,EL ORO,2250.56,Bajo,1.2841728785328558e-16
071450,LA VICTORIA,LAS LAJAS,EL ORO,429.56,Bajo,0.0013594713310283932
071451,LA LIBERTAD,LAS LAJAS,EL ORO,548.67,Bajo,0.0006810342460597807
071452,EL PARAISO,LAS LAJAS,EL ORO,544.91,Bajo,0.0007485795922540636
071453,SAN ISIDRO,LAS LAJAS,EL ORO,645.28,Bajo,4.994509626003525e-05
080150,ESMERALDAS,ESMERALDAS,ESMERALDAS,77.0,Alto,0.9395003554816315
080152,CAMARONES (CAB. EN SAN VICENTE),ESMERALDAS,ESMERALDAS,180.12,Medio,0.07554147366246856
080153,CORONEL CARLOS CONCHA TORRES (CAB. EN HUELE),ESMERALDAS,ESMERALDAS,281.16,Medio,0.04113484275647448
080154,CHINCA,ESMERALDAS,ESMERALDAS,223.62,Medio,0.03696666499175274
080159,MAJUA,ESMERALDAS,ESMERALDAS,162.46,Medio,0.10318287684503895
080163,SAN MATEO,ESMERALDAS,ESMERALDAS,166.41,Medio,0.10432005872550225
080165,TABIAZO,ESMERALDAS,ESMERALDAS,216.1,Medio,0.04824132260734648
080166,TACHINA,ESMERALDAS,ESMERALDAS,126.79,Alto,0.8590180170650678
080168,VUELTA LARGA,ESMERALDAS,ESMERALDAS,117.9,Alto,0.8618698300898929
080250,VALDEZ (LIMONES),ELOY ALFARO,ESMERALDAS,10.03,Alto,0.9945376574363826
080251,ANCHAYACU,ELOY ALFARO,ESMERALDAS,58.76,Alto,0.9506044743658082
080252,ATAHUALPA (CAB. EN CAMARONES),ELOY ALFARO,ESMERALDAS,109.99,Alto,0.8742936653044575
080253,BORBON,ELOY ALFARO,ESMERALDAS,32.75,Alto,0.9853115158386623
080254,LA TOLA,ELOY ALFARO,ESMERALDAS,7.47,Alto,0.9999983160591608
080255,LUIS VARGAS TORRES (CAB. EN PLAYA DE ORO),ELOY ALFARO,ESMERALDAS,1427.01,Bajo,2.363603049335152e-14
080256,MALDONADO,ELOY ALFARO,ESMERALDAS,15.83,Alto,0.9934398536001735
080257,PAMPANAL DE BOLIVAR,ELOY ALFARO,ESMERALDAS,11.27,Alto,0.9925074027447537
080258,SAN FRANCISCO DE ONZOLE,ELOY ALFARO,ESMERALDAS,58.84,Alto,0.9614186807028554
080259,SANTO DOMINGO DE ONZOLE,ELOY ALFARO,ESMERALDAS,163.97,Medio,0.10222491767230511
080260,SELVA ALEGRE,ELOY ALFARO,ESMERALDAS,92.91,Alto,0.8500617281773147
080261,TELEMBI,ELOY ALFARO,ESMERALDAS,499.52,Bajo,4.622674820301765e-06
080262,COLON ELOY DEL MARIA,ELOY ALFARO,ESMERALDAS,48.88,Alto,0.9830866706797033
080263,SAN JOSE DE CAYAPAS,ELOY ALFARO,ESMERALDAS,55.15,Alto,0.9631692757340194
080264,TIMBIRE,ELOY ALFARO,ESMERALDAS,35.56,Alto,0.9248370840798623
080265,SANTA LUCIA DE LAS PEÑAS,ELOY ALFARO,ESMERALDAS,28.89,Alto,0.9936101663066984
080350,MUISNE,MUISNE,ESMERALDAS,40.76,Alto,0.9979336565749656
080351,BOLIVAR,MUISNE,ESMERALDAS,36.67,Alto,0.989339398130498
080352,DAULE,MUISNE,ESMERALDAS,45.2,Alto,0.9839364700182459
080353,GALERA,MUISNE,ESMERALDAS,101.47,Alto,0.886172864455845
080354,QUINGUE (OLMEDO PERDOMO FRANCO),MUISNE,ESMERALDAS,111.18,Alto,0.8655226151414576
080355,SALIMA,MUISNE,ESMERALDAS,22.8,Alto,0.9995659282943749
080356,SAN FRANCISCO,MUISNE,ESMERALDAS,94.48,Alto,0.9041114761810709
080357,SAN GREGORIO,MUISNE,ESMERALDAS,101.92,Alto,0.9342479457357699
080358,SAN JOSE DE CHAMANGA,MUISNE,ESMERALDAS,102.05,Alto,0.9454816469309556
080450,ROSA ZARATE (QUININDE),QUININDE,ESMERALDAS,153.37,Medio,0.11392135577346384
080451,CUBE,QUININDE,ESMERALDAS,296.27,Medio,0.013456305636709793
080452,CHURA (CHANCAMA) (CAB. EN EL YERBERO),QUININDE,ESMERALDAS,170.56,Medio,0.12706483756027742
080453,MALIMPIA,QUININDE,ESMERALDAS,235.2,Medio,0.017812247589705666
080454,VICHE,QUININDE,ESMERALDAS,136.41,Alto,0.8088036106797487
080455,LA UNION,QUININDE,ESMERALDAS,153.16,Medio,0.09845960712347253
080550,SAN LORENZO,SAN LORENZO,ESMERALDAS,36.8,Alto,0.9504322813377034
080551,ALTO TAMBO (CAB EN GUADUAL),SAN LORENZO,ESMERALDAS,1151.21,Bajo,1.3424316655926178e-13
080552,ANCON (PICHANGAL) (CAB. EN PALMA REAL),SAN LORENZO,ESMERALDAS,151.70698412698414,Medio,0.19122914434919414
080553,CALDERON,SAN LORENZO,ESMERALDAS,34.87,Alto,0.9718374769083047
080554,CARONDELET,SAN LORENZO,ESMERALDAS,46.16,Alto,0.9870919089737149
080555,5 DE JUNIO (CAB. EN UIMBI),SAN LORENZO,ESMERALDAS,188.92,Medio,0.06503860656068212
080556,CONCEPCION,SAN LORENZO,ESMERALDAS,42.4,Alto,0.9982640773758998
080557,MATAJE (CAB. EN SANTANDER),SAN LORENZO,ESMERALDAS,211.21,Medio,0.05390148264291498
080558,SAN JAVIER DE CACHAVI (CAB. EN SAN JAVIER),SAN LORENZO,ESMERALDAS,37.36,Alto,0.9652449653647629
080559,SANTA RITA,SAN LORENZO,ESMERALDAS,154.72,Medio,0.14846609762135698
080560,TAMBILLO,SAN LORENZO,ESMERALDAS,11.76,Alto,0.9956714311091303
080561,TULULBI (CAB. EN RICAURTE),SAN LORENZO,ESMERALDAS,184.83,Medio,0.0721812238547516
080562,URBINA,SAN LORENZO,ESMERALDAS,116.54,Alto,0.8565844664183088
080650,ATACAMES,ATACAMES,ESMERALDAS,127.68,Alto,0.840445951060063
080651,LA UNION,ATACAMES,ESMERALDAS,141.0,Alto,0.8150354390923306
080652,SUA (CAB. EN LA BOCANA),ATACAMES,ESMERALDAS,115.26,Alto,0.8492652907300787
080653,TONCHIGUE,ATACAMES,ESMERALDAS,95.86,Alto,0.9003232549871282
080654,TONSUPA,ATACAMES,ESMERALDAS,119.08,Alto,0.8703569479956386
080750,RIOVERDE,RIOVERDE,ESMERALDAS,79.91,Alto,0.9271088705419898
080751,CHONTADURO,RIOVERDE,ESMERALDAS,143.19,Alto,0.7951328678229412
080752,CHUMUNDE,RIOVERDE,ESMERALDAS,195.61,Medio,0.07754690776243296
080753,LAGARTO,RIOVERDE,ESMERALDAS,61.59,Alto,0.9562168187023411
080754,MONTALVO (CAB EN HORQUETA),RIOVERDE,ESMERALDAS,134.59,Alto,0.8280562483141605
080755,ROCAFUERTE,RIOVERDE,ESMERALDAS,117.1,Alto,0.8549585832069243
090150,GUAYAQUIL,GUAYAQUIL,GUAYAS,48.01,Alto,0.993019949472466
090152,JUAN GOMEZ RENDON (PROGRESO),GUAYAQUIL,GUAYAS,75.3,Alto,0.9720419520397386
090153,MORRO,GUAYAQUIL,GUAYAS,20.9,Alto,0.9994560901215465
090156,POSORJA,GUAYAQUIL,GUAYAS,10.52,Alto,0.9913370535778423
090157,PUNA,GUAYAQUIL,GUAYAS,13.9,Alto,0.99999999643008
090158,TENGUEL,GUAYAQUIL,GUAYAS,12.95,Alto,0.9997684014395872
090250,ALFREDO BAQUERIZO MORENO (JUJAN),ALFREDO BAQUERIZO MORENO,GUAYAS,9.37,Alto,0.9839029974372503
090350,BALAO,BALAO,GUAYAS,51.85,Alto,0.9997882880933829
090450,BALZAR,BALZAR,GUAYAS,42.21,Alto,0.9985377598206359
090550,COLIMES,COLIMES,GUAYAS,44.47,Alto,0.9944877762459536
090551,SAN JACINTO,COLIMES,GUAYAS,53.7,Alto,0.9808601948172228
090650,DAULE,DAULE,GUAYAS,9.44,Alto,0.9999999980576639
090652,JUAN BAUTISTA AGUIRRE (LOS TINTOS),DAULE,GUAYAS,3.54,Alto,0.9981868138638464
090653,LAUREL,DAULE,GUAYAS,5.52,Alto,0.9788076761584442
090654,LIMONAL,DAULE,GUAYAS,7.59,Alto,0.9738517769865814
090656,LOS LOJAS (ENRIQUE BAQUERIZO MORENO),DAULE,GUAYAS,16.83,Alto,0.9999999780622142
090750,ELOY ALFARO (DURAN),DURAN,GUAYAS,4.29,Alto,0.9999999999983267
090850,VELASCO IBARRA (CAB. EL EMPALME),EL EMPALME,GUAYAS,58.94,Alto,0.8668095126132266
090851,GUAYAS (PUEBLO NUEVO),EL EMPALME,GUAYAS,77.1,Alto,0.8523461791417435
090852,EL ROSARIO,EL EMPALME,GUAYAS,59.75,Alto,0.8767697173054162
090950,EL TRIUNFO,EL TRIUNFO,GUAYAS,95.43,Alto,0.9648293348870598
091050,MILAGRO,MILAGRO,GUAYAS,13.82,Alto,0.9631142213528044
091051,CHOBO,MILAGRO,GUAYAS,10.2,Alto,0.951869527931588
091053,MARISCAL SUCRE (HUAQUES),MILAGRO,GUAYAS,24.04,Alto,0.8852633220388185
091054,ROBERTO ASTUDILLO (CAB. EN CRUCE DE VENECIA),MILAGRO,GUAYAS,25.94,Alto,0.8981297353958128
091150,NARANJAL,NARANJAL,GUAYAS,251.24,Medio,0.007661470193878621
091151,JESUS MARIA,NARANJAL,GUAYAS,153.57,Medio,0.1228530351667771
091152,SAN CARLOS,NARANJAL,GUAYAS,64.5,Alto,0.9907044204685413
091153,SANTA ROSA DE FLANDES,NARANJAL,GUAYAS,9.32,Alto,0.9905546643387447
091154,TAURA,NARANJAL,GUAYAS,27.42,Alto,0.993333333224936
091250,NARANJITO,NARANJITO,GUAYAS,51.01,Alto,0.89354661940716
091350,PALESTINA,PALESTINA,GUAYAS,13.78,Alto,0.9504658547977897
091450,PEDRO CARBO,PEDRO CARBO,GUAYAS,172.46,Medio,0.0958982728978815
091451,VALLE DE LA VIRGEN,PEDRO CARBO,GUAYAS,74.44,Alto,0.8968641409528146
091452,SABANILLA,PEDRO CARBO,GUAYAS,132.99,Alto,0.814262135966778
091650,SAMBORONDON,SAMBORONDON,GUAYAS,4.17,Alto,1.0
091651,TARIFA,SAMBORONDON,GUAYAS,2.25,Alto,0.999999999999995
091850,SANTA LUCIA,SANTA LUCIA,GUAYAS,19.15,Alto,0.9998175317063809
091950,EL SALITRE (LAS RAMAS),URBINA JADO,GUAYAS,4.54,Alto,0.9965816148606952
091951,GENERAL VERNAZA (DOS ESTEROS),URBINA JADO,GUAYAS,7.0,Alto,0.9818433979371154
091952,LA VICTORIA (ÑAUZA),URBINA JADO,GUAYAS,2.9,Alto,0.9967781942811649
091953,JUNQUILLAL,URBINA JADO,GUAYAS,7.85,Alto,0.9831391853721662
092050,SAN JACINTO DE YAGUACHI,SAN JACINTO DE YAGUACHI,GUAYAS,3.4,Alto,0.9976478753135344
092053,GENERAL PEDRO J. MONTERO (BOLICHE),SAN JACINTO DE YAGUACHI,GUAYAS,18.58,Alto,0.9013469285208568
092055,YAGUACHI VIEJO (CONE),SAN JACINTO DE YAGUACHI,GUAYAS,10.64,Alto,0.9682366145454665
092056,VIRGEN DE FATIMA,SAN JACINTO DE YAGUACHI,GUAYAS,12.05,Alto,0.9599407555160262
092150,GENERAL VILLAMIL (PLAYAS),PLAYAS,GUAYAS,55.26,Alto,0.9965416923515026
092250,SIMON BOLIVAR,SIMON BOLIVAR,GUAYAS,24.21,Alto,0.9043929661821442
092251,CORONEL LORENZO DE GARAICOA (PEDREGAL),SIMON BOLIVAR,GUAYAS,45.59,Alto,0.9218992052350624
092350,CORONEL MARCELINO MARIDUEÑA (SAN CARLOS),CORONEL MARCELINO MARIDUEÑA,GUAYAS,60.23,Alto,0.9049882296633899
092450,LOMAS DE SARGENTILLO,LOMAS DE SARGENTILLO,GUAYAS,17.64,Alto,0.9804233493767335
092550,NARCISA DE JESUS,NOBOL,GUAYAS,37.08,Alto,0.9996333538827087
092750,GENERAL ANTONIO ELIZALDE (BUCAY),GENERAL  ANTONIO ELIZALDE,GUAYAS,316.47,Medio,0.006833296478177292
092850,ISIDRO AYORA,ISIDRO AYORA,GUAYAS,114.87,Alto,0.8681397985698682
100150,SAN MIGUEL DE IBARRA,IBARRA,IMBABURA,2535.42,Bajo,1.2388188866545004e-18
100151,AMBUQUI,IBARRA,IMBABURA,2204.54,Bajo,3.0731368614653516e-16
100152,ANGOCHAGUA,IBARRA,IMBABURA,3202.77,Bajo,5.657424678435684e-18
100153,CAROLINA,IBARRA,IMBABURA,1879.53,Bajo,4.68261247712175e-16
100154,LA ESPERANZA,IBARRA,IMBABURA,2990.5,Bajo,8.88771320507092e-20
100155,LITA,IBARRA,IMBABURA,1389.95,Bajo,3.453117706315891e-12
100156,SALINAS,IBARRA,IMBABURA,1844.82,Bajo,3.8030935861465845e-13
100157,SAN ANTONIO,IBARRA,IMBABURA,2653.54,Bajo,3.0264951660811974e-19
100250,ATUNTAQUI,ANTONIO ANTE,IMBABURA,2495.59,Bajo,7.806754007192637e-19
100251,IMBAYA (SAN LUIS DE COBUENDO),ANTONIO ANTE,IMBABURA,2030.18,Bajo,2.38109162713212e-10
100252,SAN FCO. DE NATABUELA,ANTONIO ANTE,IMBABURA,2532.97,Bajo,7.144653678935512e-17
100253,SAN JOSE DE CHALTURA,ANTONIO ANTE,IMBABURA,2219.99,Bajo,3.7824622560119236e-11
100254,SAN ROQUE,ANTONIO ANTE,IMBABURA,2704.28,Bajo,3.072570269185359e-19
100350,COTACACHI,COTACACHI,IMBABURA,2816.3,Bajo,2.0726006784015006e-18
100351,APUELA,COTACACHI,IMBABURA,2864.06,Bajo,2.5432204435843976e-21
100352,GARCIA MORENO (LLURIMAGUA),COTACACHI,IMBABURA,1315.61,Bajo,3.7644487068296074e-13
100353,IMANTAG,COTACACHI,IMBABURA,3280.6,Bajo,1.5524226665868496e-21
100354,PEÑAHERRERA,COTACACHI,IMBABURA,2164.77,Bajo,2.705223116762364e-15
100355,PLAZA GUTIERREZ (CALVARIO),COTACACHI,IMBABURA,2867.81,Bajo,3.2847283144151776e-21
100356,QUIROGA,COTACACHI,IMBABURA,2996.81,Bajo,1.55831906198494e-18
100357,6 DE JULIO DE CUELLAJE (CAB. EN CUELLAJE),COTACACHI,IMBABURA,2578.02,Bajo,8.538338650989535e-16
100358,VACAS GALINDO (EL CHURO) (CAB. EN SAN MIGUEL ALTO),COTACACHI,IMBABURA,1802.21,Bajo,1.4962216083474846e-11
100450,OTAVALO,OTAVALO,IMBABURA,2947.65,Bajo,1.2465271949493446e-19
100451,DOCTOR MIGUEL EGAS CABEZAS (PEGUCHE),OTAVALO,IMBABURA,2825.75,Bajo,2.514233698537974e-19
100452,EUGENIO ESPEJO (CALPAQUI),OTAVALO,IMBABURA,3069.22,Bajo,4.598903947406696e-18
100453,GONZALEZ SUAREZ,OTAVALO,IMBABURA,3209.89,Bajo,1.879036648199552e-18
100454,PATAQUI,OTAVALO,IMBABURA,2762.25,Bajo,1.9925172023376335e-15
100455,SAN JOSE DE QUICHINCHE,OTAVALO,IMBABURA,2992.73,Bajo,2.6259761623799278e-17
100456,SAN JUAN DE ILUMAN,OTAVALO,IMBABURA,2849.88,Bajo,1.8342523519973268e-19
100457,SAN PABLO,OTAVALO,IMBABURA,3126.29,Bajo,1.4889161273325787e-19
100458,SAN RAFAEL,OTAVALO,IMBABURA,3046.46,Bajo,6.338002491713639e-18
100459,SELVA ALEGRE (CAB. EN SAN MIGUEL DE PAMPLONA),OTAVALO,IMBABURA,1862.89,Bajo,1.0602323189307828e-14
100550,PIMAMPIRO,PIMAMPIRO,IMBABURA,2400.62,Bajo,1.9418435675696473e-16
100551,CHUGA,PIMAMPIRO,IMBABURA,2862.97,Bajo,1.4479206418530827e-17
100552,MARIANO ACOSTA,PIMAMPIRO,IMBABURA,3439.53,Bajo,8.011161579576601e-19
100553,SAN  FCO. DE SIGSIPAMBA,PIMAMPIRO,IMBABURA,3212.37,Bajo,3.084477556003925e-18
100650,URCUQUI,SAN MIGUEL DE URCUQUI,IMBABURA,2131.54,Bajo,6.137828072511576e-16
100651,CAHUASQUI,SAN MIGUEL DE URCUQUI,IMBABURA,3044.78,Bajo,2.599666334847729e-20
100652,LA MERCED DE BUENOS AIRES,SAN MIGUEL DE URCUQUI,IMBABURA,2354.91,Bajo,3.414007879258918e-19
100653,PABLO ARENAS,SAN MIGUEL DE URCUQUI,IMBABURA,2533.71,Bajo,2.0337907068506615e-17
100654,SAN BLAS,SAN MIGUEL DE URCUQUI,IMBABURA,2983.56,Bajo,2.2660616273427535e-18
100655,TUMBABIRO,SAN MIGUEL DE URCUQUI,IMBABURA,2198.9,Bajo,7.16409446656299e-15
110150,LOJA,LOJA,LOJA,2396.72,Bajo,5.173767101539316e-15
110151,CHANTACO,LOJA,LOJA,2573.92,Bajo,2.1640650220181434e-14
110152,CHUQUIRIBAMBA,LOJA,LOJA,2605.92,Bajo,1.2273669789598755e-15
110153,EL CISNE,LOJA,LOJA,1838.38,Bajo,1.1391032604839328e-12
110154,GUALEL,LOJA,LOJA,2963.8,Bajo,1.4860886967574513e-17
110155,JIMBILLA,LOJA,LOJA,2385.42,Bajo,4.758807013436128e-15
110156,MALACATOS (VALLADOLID),LOJA,LOJA,2055.66,Bajo,1.5877076261928409e-15
110157,SAN LUCAS,LOJA,LOJA,2787.75,Bajo,1.2778005266989948e-16
110158,SAN PEDRO DE VILCABAMBA,LOJA,LOJA,2406.64,Bajo,1.833527267859183e-16
110159,SANTIAGO,LOJA,LOJA,2745.33,Bajo,1.3756634424351365e-16
110160,TAQUIL (MIGUEL RIOFRIO),LOJA,LOJA,2254.31,Bajo,3.917038565968274e-14
110161,VILCABAMBA (VICTORIA),LOJA,LOJA,2132.3,Bajo,4.74034391705207e-16
110162,YANGANA (ARSENIO CASTILLO),LOJA,LOJA,2462.74,Bajo,3.3126663997109014e-16
110163,QUINARA,LOJA,LOJA,2480.27,Bajo,4.28505521608524e-16
110250,CARIAMANGA,CALVAS,LOJA,1620.42,Bajo,2.0297339028292196e-11
110251,COLAISACA,CALVAS,LOJA,1758.41,Bajo,5.973753243701264e-12
110252,EL LUCERO,CALVAS,LOJA,1442.36,Bajo,3.3976560894465857e-10
110253,UTUANA,CALVAS,LOJA,1742.76,Bajo,6.9745996138404066e-12
110254,SANGUILLIN,CALVAS,LOJA,1449.45,Bajo,4.957278791371741e-11
110350,CATAMAYO (LA TOMA),CATAMAYO,LOJA,1711.43,Bajo,9.315992844122656e-13
110351,EL TAMBO,CATAMAYO,LOJA,1885.05,Bajo,4.036184131829252e-13
110352,GUAYQUICHUMA,CATAMAYO,LOJA,1594.41,Bajo,4.976267147910411e-12
110353,SAN PEDRO DE LA BENDITA,CATAMAYO,LOJA,1779.35,Bajo,3.5055596456019163e-12
110354,ZAMBI,CATAMAYO,LOJA,1792.6,Bajo,3.716371562242345e-12
110450,CELICA,CELICA,LOJA,1269.13,Bajo,5.184607157425372e-11
110451,CRUZPAMBA (CAB EN CARLOS BUSTAMANTE),CELICA,LOJA,946.93,Bajo,2.0873518311236333e-06
110455,POZUL (SAN JUAN DE POZUL),CELICA,LOJA,1285.59,Bajo,4.866345773902927e-09
110456,SABANILLA,CELICA,LOJA,580.15,Bajo,5.295732729489204e-05
110457,TENIENTE MAXIMILIANO RODRIGUEZ LOAIZA,CELICA,LOJA,799.84,Bajo,1.3768070764255866e-05
110550,CHAGUARPAMBA,CHAGUARPAMBA,LOJA,1120.46,Bajo,3.5379651695447535e-08
110551,BUENAVISTA,CHAGUARPAMBA,LOJA,1266.12,Bajo,2.427956964221752e-09
110552,EL ROSARIO,CHAGUARPAMBA,LOJA,818.01,Bajo,2.049739283855397e-05
110553,SANTA RUFINA,CHAGUARPAMBA,LOJA,989.71,Bajo,5.8717020496000705e-08
110554,AMARILLOS,CHAGUARPAMBA,LOJA,1218.44,Bajo,2.8286438914064292e-08
110650,AMALUZA,ESPINDOLA,LOJA,2560.87,Bajo,5.4557488259444943e-17
110651,BELLAVISTA,ESPINDOLA,LOJA,1566.86,Bajo,1.3650230446631959e-10
110652,JIMBURA,ESPINDOLA,LOJA,2554.73,Bajo,2.0655131898450195e-17
110653,SANTA TERESITA,ESPINDOLA,LOJA,2428.47,Bajo,3.025243449947532e-16
110654,27 DE ABRIL (CAB. EN LA NARANJA),ESPINDOLA,LOJA,1302.92,Bajo,1.9448259175941323e-08
110655,EL INGENIO,ESPINDOLA,LOJA,2173.61,Bajo,6.314579432259963e-16
110656,EL AIRO,ESPINDOLA,LOJA,2324.17,Bajo,4.176672239262064e-16
110750,GONZANAMA,GONZANAMA,LOJA,2191.34,Bajo,1.248851628402093e-13
110751,CHANGAIMINA (LA LIBERTAD),GONZANAMA,LOJA,1592.34,Bajo,8.916892401022429e-11
110753,NAMBACOLA,GONZANAMA,LOJA,1672.58,Bajo,1.0700457189934966e-11
110754,PURUNUMA (EGUIGUREN),GONZANAMA,LOJA,2210.74,Bajo,6.316978379958157e-14
110756,SACAPALCA,GONZANAMA,LOJA,1413.37,Bajo,5.131524752078788e-11
110850,MACARA,MACARA,LOJA,783.73,Bajo,2.479541135308037e-09
110851,LARAMA,MACARA,LOJA,1159.97,Bajo,1.5462408669434267e-10
110852,LA VICTORIA,MACARA,LOJA,1172.01,Bajo,2.915641794988183e-09
110853,SABIANGO (LA CAPILLA),MACARA,LOJA,1110.64,Bajo,2.3598400056548727e-10
110950,CATACOCHA,PALTAS,LOJA,1454.51,Bajo,1.5607756859375196e-10
110951,CANGONAMA,PALTAS,LOJA,1763.68,Bajo,8.78750784742266e-11
110952,GUACHANAMA,PALTAS,LOJA,1633.07,Bajo,3.644931532354695e-13
110954,LAURO GUERRERO,PALTAS,LOJA,1697.86,Bajo,2.2057928977233264e-12
110956,ORIANGA,PALTAS,LOJA,887.33,Bajo,1.4104941913509497e-07
110957,SAN ANTONIO,PALTAS,LOJA,1311.93,Bajo,6.313431848481145e-09
110958,CASANGA,PALTAS,LOJA,1145.5,Bajo,3.921518271499819e-09
110959,YAMANA,PALTAS,LOJA,1107.48,Bajo,4.2463955594239207e-07
111050,ALAMOR,PUYANGO,LOJA,821.76,Bajo,3.0080805448456085e-07
111051,CIANO,PUYANGO,LOJA,831.51,Bajo,2.9808431499401253e-06
111052,EL ARENAL,PUYANGO,LOJA,1133.03,Bajo,8.722403616480966e-08
111053,EL LIMO (MARIANA DE JESUS),PUYANGO,LOJA,611.72,Bajo,3.327261134019621e-05
111054,MERCADILLO,PUYANGO,LOJA,1708.04,Bajo,1.0151429776820851e-11
111055,VICENTINO,PUYANGO,LOJA,1374.78,Bajo,1.0277439597176893e-11
111150,SARAGURO,SARAGURO,LOJA,2702.69,Bajo,2.763749316158097e-15
111151,EL PARAISO DE CELEN,SARAGURO,LOJA,3052.13,Bajo,9.521562578183088e-18
111152,EL TABLON,SARAGURO,LOJA,2449.69,Bajo,1.328925065101532e-14
111153,LLUZHAPA,SARAGURO,LOJA,2119.17,Bajo,2.186350756530951e-15
111154,MANU,SARAGURO,LOJA,2873.27,Bajo,1.0218276050317376e-17
111155,SAN ANTONIO DE QUMBE (CUMBE),SARAGURO,LOJA,2416.09,Bajo,1.517436955968462e-14
111156,SAN PABLO DE TENTA,SARAGURO,LOJA,2798.2,Bajo,1.4580036822776438e-17
111157,SAN SEBASTIAN DE YULUC,SARAGURO,LOJA,1690.19,Bajo,6.016293616567276e-14
111158,SELVA ALEGRE,SARAGURO,LOJA,2667.81,Bajo,3.609724570816168e-17
111159,URDANETA (PAQUISHAPA),SARAGURO,LOJA,2896.5,Bajo,1.2691365461008057e-15
111160,SUMAYPAMBA,SARAGURO,LOJA,1643.76,Bajo,2.336161282639612e-13
111250,SOZORANGA,SOZORANGA,LOJA,1376.17,Bajo,4.008165457296102e-11
111251,NUEVA FATIMA,SOZORANGA,LOJA,1560.22,Bajo,2.2264934183008684e-11
111252,TACAMOROS,SOZORANGA,LOJA,1480.12,Bajo,4.5788546428598444e-11
111350,ZAPOTILLO,ZAPOTILLO,LOJA,241.63,Medio,0.009849556970871204
111351,MANGAHURCO,ZAPOTILLO,LOJA,559.31,Bajo,0.0002766953950465032
111352,GARZAREAL,ZAPOTILLO,LOJA,356.87,Medio,0.01065090593364096
111353,LIMONES,ZAPOTILLO,LOJA,273.65,Medio,0.02574770230941058
111354,PALETILLAS,ZAPOTILLO,LOJA,541.47,Bajo,0.0013897256414215598
111355,BOLASPAMBA,ZAPOTILLO,LOJA,530.67,Bajo,0.0003331662863364509
111356,CAZADEROS,ZAPOTILLO,LOJA,357.12,Medio,0.0014128219561405113
111450,PINDAL,PINDAL,LOJA,800.91,Bajo,1.96766045044544e-06
111451,CHAQUINAL,PINDAL,LOJA,1034.68,Bajo,9.77927729123957e-07
111452,12 DE DICIEMBRE (CAB. EN ACHIOTES),PINDAL,LOJA,793.26,Bajo,1.880213916091712e-05
111453,MILAGROS,PINDAL,LOJA,693.65,Bajo,5.1323068704914055e-05
111550,QUILANGA,QUILANGA,LOJA,1935.84,Bajo,4.4285794498072355e-13
111551,FUNDOCHAMBA,QUILANGA,LOJA,2006.6,Bajo,1.5138781605784182e-12
111552,SAN ANTONIO DE LAS ARADAS (CAB. EN LAS ARADAS),QUILANGA,LOJA,2121.3,Bajo,1.9867042212239967e-15
111650,OLMEDO,OLMEDO,LOJA,1523.84,Bajo,2.3669078389521437e-09
111651,LA TINGUE,OLMEDO,LOJA,1612.66,Bajo,2.043401720687455e-10
120150,BABAHOYO,BABAHOYO,LOS RIOS,6.09,Alto,0.9926669973499274
120152,CARACOL,BABAHOYO,LOS RIOS,15.6,Alto,0.998085236814723
120153,FEBRES CORDERO (LAS JUNTAS),BABAHOYO,LOS RIOS,48.82,Alto,0.9997798879176615
120154,PIMOCHA,BABAHOYO,LOS RIOS,6.45,Alto,0.9954059577174664
120155,LA UNION,BABAHOYO,LOS RIOS,81.8,Alto,0.9638884539001862
120250,BABA,BABA,LOS RIOS,5.25,Alto,0.9918420563337986
120251,GUARE,BABA,LOS RIOS,13.81,Alto,0.9735435014694428
120252,ISLA DE BEJUCAL,BABA,LOS RIOS,9.73,Alto,0.9844839197650755
120350,MONTALVO,MONTALVO,LOS RIOS,67.05,Alto,0.9799626796880263
120351,LA ESMERALDA,MONTALVO,LOS RIOS,207.38,Medio,0.036340216951749056
120450,PUEBLOVIEJO,PUEBLOVIEJO,LOS RIOS,16.76,Alto,0.9605052710903156
120451,PUERTO PECHICHE,PUEBLOVIEJO,LOS RIOS,25.84,Alto,0.9081640762573701
120452,SAN JUAN,PUEBLOVIEJO,LOS RIOS,12.08,Alto,0.9628944639422832
120550,QUEVEDO,QUEVEDO,LOS RIOS,74.55,Alto,0.8259913593129463
120553,SAN CARLOS,QUEVEDO,LOS RIOS,75.26,Alto,0.8288251486452815
120555,LA ESPERANZA,QUEVEDO,LOS RIOS,88.16,Alto,0.7414495868933836
120650,CATARAMA,URDANETA,LOS RIOS,13.74,Alto,0.94534356022927
120651,RICAURTE,URDANETA,LOS RIOS,183.16,Medio,0.02525354955201377
120750,VENTANAS,VENTANAS,LOS RIOS,42.33,Alto,0.9786840946469595
120752,ZAPOTAL,VENTANAS,LOS RIOS,93.54,Alto,0.9364776771763882
120753,CHACARITA,VENTANAS,LOS RIOS,330.15,Medio,0.001454750770004185
120754,LOS ANGELES,VENTANAS,LOS RIOS,172.79,Medio,0.05720233599802024
120850,VINCES,VINCES,LOS RIOS,21.0,Alto,0.9744139874769248
120851,ANTONIO SOTOMAYOR (CAB. EN PLAYAS DE VINCES),VINCES,LOS RIOS,10.82,Alto,0.9653650251360005
120950,PALENQUE,PALENQUE,LOS RIOS,32.3,Alto,0.9348964916811681
121050,SAN JACINTO DE BUENA FE,BUENA FE,LOS RIOS,107.07,Alto,0.7962846088824799
121051,PATRICIA PILAR,BUENA FE,LOS RIOS,157.68,Medio,0.11794382852208263
121150,VALENCIA,VALENCIA,LOS RIOS,269.33,Medio,0.006754183355590467
121250,MOCACHE,MOCACHE,LOS RIOS,53.77,Alto,0.8772827119920418
121350,QUINSALOMA,QUINSALOMA,LOS RIOS,90.68,Alto,0.8528853856762777
130150,PORTOVIEJO,PORTOVIEJO,MANABI,147.09,Alto,0.7377868366976762
130151,ABDON CALDERON (SAN FRANCISCO),PORTOVIEJO,MANABI,192.07,Medio,0.06959819878027734
130152,ALHAJUELA (BAJO GRANDE),PORTOVIEJO,MANABI,201.47,Medio,0.059116340043258754
130153,CRUCITA,PORTOVIEJO,MANABI,8.0,Alto,0.879967435636973
130154,PUEBLO NUEVO,PORTOVIEJO,MANABI,264.62,Medio,0.025430941811344632
130155,RIOCHICO (RIO CHICO),PORTOVIEJO,MANABI,128.45,Alto,0.8306461701535213
130156,SAN PLACIDO,PORTOVIEJO,MANABI,339.99,Medio,0.018960769780374243
130157,CHIRIJOS,PORTOVIEJO,MANABI,289.06,Medio,0.02638974882154241
130250,CALCETA,BOLIVAR,MANABI,152.61,Medio,0.14345928767227129
130251,MEMBRILLO,BOLIVAR,MANABI,235.25,Medio,0.03588216750466487
130252,QUIROGA,BOLIVAR,MANABI,222.74,Medio,0.05396554928418493
130350,CHONE,CHONE,MANABI,174.45,Medio,0.08623653582694575
130351,BOYACA,CHONE,MANABI,184.63,Medio,0.06660781135384912
130352,CANUTO,CHONE,MANABI,158.01,Medio,0.11905817608616494
130353,CONVENTO,CHONE,MANABI,286.79,Medio,0.01633129061718425
130354,CHIBUNGA,CHONE,MANABI,235.8,Medio,0.03664839727759293
130355,ELOY ALFARO,CHONE,MANABI,231.17,Medio,0.025297531492059447
130356,RICAURTE,CHONE,MANABI,265.11,Medio,0.0185525731225687
130357,SAN ANTONIO,CHONE,MANABI,64.09,Alto,0.9797561308069977
130450,EL CARMEN,EL CARMEN,MANABI,161.75,Medio,0.09544819514860892
130451,WILFRIDO LOOR MOREIRA (MAICITO),EL CARMEN,MANABI,228.15,Medio,0.04615618956387183
130452,SAN PEDRO DE SUMA,EL CARMEN,MANABI,193.04,Medio,0.07203568247551743
130550,FLAVIO ALFARO,FLAVIO ALFARO,MANABI,260.36,Medio,0.018870082008616285
130551,SAN FRANCISCO DE NOVILLO (CAB. EN NOVILLO),FLAVIO ALFARO,MANABI,250.41,Medio,0.03155925309980065
130552,ZAPALLO,FLAVIO ALFARO,MANABI,241.98,Medio,0.021625064668083994
130650,JIPIJAPA,JIPIJAPA,MANABI,466.31,Bajo,0.003916081805662214
130651,AMERICA,JIPIJAPA,MANABI,393.34,Medio,0.0067479743713423496
130652,EL ANEGADO (CAB. EN ELOY ALFARO),JIPIJAPA,MANABI,392.87,Medio,0.008051737972496678
130653,JULCUY,JIPIJAPA,MANABI,208.75419354838706,Bajo,0.06695796637962034
130654,LA UNION,JIPIJAPA,MANABI,412.27,Bajo,0.005958222098667393
130656,MEMBRILLAL,JIPIJAPA,MANABI,208.75419354838706,Bajo,0.06695796637962034
130657,PEDRO PABLO GOMEZ,JIPIJAPA,MANABI,208.75419354838706,Bajo,0.06695796637962034
130658,PUERTO DE CAYO,JIPIJAPA,MANABI,208.75419354838706,Bajo,0.06695796637962034
130750,JUNIN,JUNIN,MANABI,214.16,Medio,0.0542217620264324
130850,MANTA,MANTA,MANABI,208.75419354838706,Bajo,0.06695796637962034
130851,SAN LORENZO,MANTA,MANABI,208.75419354838706,Bajo,0.06695796637962034
130852,SANTA MARIANITA (BOCA DE PACOCHE),MANTA,MANABI,208.75419354838706,Bajo,0.06695796637962034
130950,MONTECRISTI,MONTECRISTI,MANABI,208.75419354838706,Bajo,0.06695796637962034
130952,LA PILA,MONTECRISTI,MANABI,208.75419354838706,Bajo,0.06695796637962034
131050,PAJAN,PAJAN,MANABI,249.8,Medio,0.024860425213665226
131051,CAMPOZANO (LA PALMA DE PAJAN),PAJAN,MANABI,218.72,Medio,0.05036646101072753
131052,CASCOL,PAJAN,MANABI,355.37,Medio,0.008011256352011732
131053,GUALE,PAJAN,MANABI,166.79,Medio,0.15662473354967088
131054,LASCANO,PAJAN,MANABI,138.94,Alto,0.7827358169428202
131150,PICHINCHA,PICHINCHA,MANABI,129.71,Alto,0.8359038985966629
131151,BARRAGANETE,PICHINCHA,MANABI,174.22,Medio,0.07866359990814031
131152,SAN SEBASTIAN,PICHINCHA,MANABI,209.81,Medio,0.060428985225083685
131250,ROCAFUERTE,ROCAFUERTE,MANABI,108.11,Alto,0.9165082751836198
131350,SANTA ANA DE VUELTA LARGA,SANTA ANA,MANABI,202.94,Medio,0.06294113220012736
131351,AYACUCHO,SANTA ANA,MANABI,254.52,Medio,0.03643719973344586
131352,HONORATO VASQUEZ (CAB EN VASQUEZ),SANTA ANA,MANABI,304.13,Medio,0.026249754894124833
131353,LA UNION,SANTA ANA,MANABI,172.03,Medio,0.08550056511538706
131355,SAN PABLO (CAB EN PUEBLO NUEVO),SANTA ANA,MANABI,108.33,Alto,0.8483951138828657
131450,BAHIA DE CARAQUEZ,SUCRE,MANABI,108.54,Alto,0.8921195446238174
131453,CHARAPOTO,SUCRE,MANABI,174.52,Medio,0.09400759057391889
131457,SAN ISIDRO,SUCRE,MANABI,286.2,Medio,0.014226057123491372
131550,TOSAGUA,TOSAGUA,MANABI,75.67,Alto,0.9623604498693993
131551,BACHILLERO,TOSAGUA,MANABI,22.35,Alto,0.996233160695402
131552,ANGEL PEDRO GILER (LA ESTANCILLA),TOSAGUA,MANABI,50.76,Alto,0.9773956542247385
131650,SUCRE,24 DE MAYO,MANABI,305.49,Medio,0.01543920408143932
131651,BELLAVISTA,24 DE MAYO,MANABI,196.34,Medio,0.0645372672147679
131652,NOBOA,24 DE MAYO,MANABI,259.3,Medio,0.03031055859268421
131653,ARQUITECTO SIXTO DURAN BALLEN,24 DE MAYO,MANABI,153.98,Medio,0.10241502452687247
131750,PEDERNALES,PEDERNALES,MANABI,202.7,Medio,0.05172007787682737
131751,COJIMIES,PEDERNALES,MANABI,208.97,Medio,0.043354748999515275
131752,DIEZ DE AGOSTO,PEDERNALES,MANABI,267.72,Medio,0.01868553928328671
131753,ATAHUALPA,PEDERNALES,MANABI,219.95,Medio,0.02615737507733211
131850,OLMEDO,OLMEDO,MANABI,135.52,Alto,0.7851458100370691
131950,PUERTO LOPEZ,PUERTO LOPEZ,MANABI,208.75419354838706,Bajo,0.06695796637962034
131951,MACHALILLA,PUERTO LOPEZ,MANABI,208.75419354838706,Bajo,0.06695796637962034
131952,SALANGO,PUERTO LOPEZ,MANABI,208.75419354838706,Bajo,0.06695796637962034
132050,JAMA,JAMA,MANABI,196.09,Medio,0.05320954370804235
132150,JARAMIJO,JARAMIJO,MANABI,208.75419354838706,Bajo,0.06695796637962034
132250,SAN VICENTE,SAN VICENTE,MANABI,129.4,Alto,0.8401206907849232
132251,CANOA,SAN VICENTE,MANABI,159.8,Medio,0.13565735895994935
140150,MACAS,MORONA,MORONA SANTIAGO,1204.09,Bajo,6.04261896233059e-09
140151,ALSHI (CAB EN 9 DE OCTUBRE),MORONA,MORONA SANTIAGO,2097.48,Bajo,5.882832527885805e-15
140153,GENERAL PROAÑO,MORONA,MORONA SANTIAGO,1196.91,Bajo,1.6312208684057516e-08
140156,SAN ISIDRO,MORONA,MORONA SANTIAGO,1402.59,Bajo,5.329062445671165e-09
140157,SEVILLA DON BOSCO,MORONA,MORONA SANTIAGO,926.85,Bajo,7.311571286533891e-09
140158,SINAI,MORONA,MORONA SANTIAGO,1873.69,Bajo,4.4792628453631926e-21
140160,ZUÑA (ZUÑAC),MORONA,MORONA SANTIAGO,3107.08,Bajo,1.152201117193436e-20
140162,CUCHAENTZA,MORONA,MORONA SANTIAGO,1131.84,Bajo,4.169126272496621e-08
140164,RIO BLANCO,MORONA,MORONA SANTIAGO,2285.72,Bajo,7.873579784573253e-20
140250,GUALAQUIZA,GUALAQUIZA,MORONA SANTIAGO,1431.63,Bajo,8.27885363462594e-13
140251,AMAZONAS (ROSARIO DE CUYES),GUALAQUIZA,MORONA SANTIAGO,2443.75,Bajo,4.2399600328974874e-16
140252,BERMEJOS,GUALAQUIZA,MORONA SANTIAGO,2409.98,Bajo,2.3893894812275405e-16
140253,BOMBOIZA,GUALAQUIZA,MORONA SANTIAGO,1407.64,Bajo,1.875079500000069e-13
140254,CHIGUINDA,GUALAQUIZA,MORONA SANTIAGO,2590.66,Bajo,1.0487548333595355e-17
140255,EL ROSARIO,GUALAQUIZA,MORONA SANTIAGO,2132.13,Bajo,1.2113004097994711e-17
140256,NUEVA TARQUI,GUALAQUIZA,MORONA SANTIAGO,1525.5,Bajo,2.3195307860825945e-12
140257,SAN MIGUEL DE CUYES,GUALAQUIZA,MORONA SANTIAGO,2865.76,Bajo,2.8514599471238575e-17
140258,EL IDEAL,GUALAQUIZA,MORONA SANTIAGO,1758.06,Bajo,7.92718794791953e-14
140350,GRAL. LEONIDAS PLAZA GUTIERREZ,LIMON INDANZA,MORONA SANTIAGO,2324.45,Bajo,3.1508795312036526e-17
140351,INDANZA,LIMON INDANZA,MORONA SANTIAGO,1278.65,Bajo,5.276457862350447e-10
140353,SAN ANTONIO (CAB EN SAN ANTONIO CENTRO),LIMON INDANZA,MORONA SANTIAGO,1150.84,Bajo,2.506817071079333e-10
140356,SAN MIGUEL DE CONCHAY,LIMON INDANZA,MORONA SANTIAGO,1259.15,Bajo,1.7192693617667398e-10
140357,STA SUSANA DE CHIVIAZA (CAB EN CHIVIAZA),LIMON INDANZA,MORONA SANTIAGO,1075.08,Bajo,3.343207690558923e-08
140358,YUNGANZA (CAB EN EL ROSARIO),LIMON INDANZA,MORONA SANTIAGO,2107.76,Bajo,5.824772153270226e-17
140450,PALORA (METZERA),PALORA,MORONA SANTIAGO,886.74,Bajo,0.00016560836243195424
140451,ARAPICOS,PALORA,MORONA SANTIAGO,1133.46,Bajo,1.1060358855787638e-08
140452,CUMANDA (CAB EN COLONIA AGRICOLA SEVILLA DEL ORO),PALORA,MORONA SANTIAGO,1870.97,Bajo,2.082422750436693e-17
140454,SANGAY (CAB EN NAYAMANACA),PALORA,MORONA SANTIAGO,1083.37,Bajo,2.0476154611137782e-08
140455,16 DE AGOSTO,PALORA,MORONA SANTIAGO,844.2,Bajo,0.0002004526175649705
140550,SANTIAGO DE MENDEZ,SANTIAGO,MORONA SANTIAGO,1725.32,Bajo,1.2612134482085346e-15
140551,COPAL,SANTIAGO,MORONA SANTIAGO,2388.5,Bajo,2.3340205990348957e-17
140552,CHUPIANZA,SANTIAGO,MORONA SANTIAGO,1364.74,Bajo,1.1491839498510404e-11
140553,PATUCA,SANTIAGO,MORONA SANTIAGO,1104.67,Bajo,8.244690675761167e-10
140554,SAN LUIS DE EL ACHO (CAB EN EL ACHO),SANTIAGO,MORONA SANTIAGO,812.59,Bajo,3.5906105528446e-08
140556,TAYUZA,SANTIAGO,MORONA SANTIAGO,1007.85,Bajo,4.366861976380752e-09
140557,SAN FRANCISCO DE CHINIMBIMI,SANTIAGO,MORONA SANTIAGO,1197.03,Bajo,2.847145440026142e-10
140650,SUCUA,SUCUA,MORONA SANTIAGO,2125.9,Bajo,1.398359564767746e-19
140651,ASUNCION,SUCUA,MORONA SANTIAGO,1863.04,Bajo,7.133873137204479e-16
140652,HUAMBI,SUCUA,MORONA SANTIAGO,1200.65,Bajo,4.100961580200337e-09
140655,SANTA MARIANITA DE JESUS,SUCUA,MORONA SANTIAGO,1271.41,Bajo,1.6677944434233723e-10
140750,HUAMBOYA,HUAMBOYA,MORONA SANTIAGO,899.49,Bajo,5.310540493515101e-05
140751,CHIGUAZA,HUAMBOYA,MORONA SANTIAGO,1082.82,Bajo,2.1512963804172766e-08
140850,SAN JUAN BOSCO,SAN JUAN BOSCO,MORONA SANTIAGO,1588.72,Bajo,6.355127590240209e-13
140851,PAN DE AZUCAR,SAN JUAN BOSCO,MORONA SANTIAGO,2318.4,Bajo,4.068306415926033e-18
140852,SAN CARLOS DE LIMON,SAN JUAN BOSCO,MORONA SANTIAGO,1541.62,Bajo,1.7400853818175762e-12
140853,SAN JACINTO DE WAKAMBEIS,SAN JUAN BOSCO,MORONA SANTIAGO,1204.26,Bajo,8.290731318249081e-08
140854,SANTIAGO DE PANANZA,SAN JUAN BOSCO,MORONA SANTIAGO,1240.23,Bajo,5.206038688548563e-09
140950,TAISHA,TAISHA,MORONA SANTIAGO,365.89,Medio,0.0048644143463804955
140951,HUASAGA (CAB EN WAMPUIK),TAISHA,MORONA SANTIAGO,282.71,Medio,0.03533032084932155
140952,MACUMA,TAISHA,MORONA SANTIAGO,617.14,Bajo,8.000744176069617e-07
140953,TUUTINENTZA,TAISHA,MORONA SANTIAGO,262.12,Medio,0.028431921201581233
140954,PUMPUENTSA,TAISHA,MORONA SANTIAGO,274.66,Medio,0.03576437864971039
141050,LOGROÑO,LOGROÑO,MORONA SANTIAGO,828.69,Bajo,3.4746000373558e-06
141051,YAUPI,LOGROÑO,MORONA SANTIAGO,981.75,Bajo,8.650035251504497e-10
141052,SHIMPIS,LOGROÑO,MORONA SANTIAGO,1309.3,Bajo,2.2624811540200363e-09
141150,PABLO SEXTO,PABLO SEXTO,MORONA SANTIAGO,2638.22,Bajo,6.122232015049158e-23
141250,SANTIAGO,TIWINTZA,MORONA SANTIAGO,642.48,Bajo,1.2103936316041428e-06
141251,SAN JOSE DE MORONA,TIWINTZA,MORONA SANTIAGO,321.27,Medio,0.007516071422688728
150150,TENA,TENA,NAPO,593.55,Bajo,0.0014872522508611933
150151,AHUANO,TENA,NAPO,533.91,Bajo,7.593934513114899e-06
150153,CHONTAPUNTA,TENA,NAPO,361.91,Medio,0.008465541165816421
150154,PANO,TENA,NAPO,2797.24,Bajo,1.380388314585138e-21
150155,PUERTO MISAHUALLI,TENA,NAPO,737.76,Bajo,1.4954212137871067e-06
150156,PUERTO NAPO,TENA,NAPO,496.66,Bajo,0.001209245470723259
150157,TALAG,TENA,NAPO,2573.95,Bajo,1.985990677532713e-19
150158,SAN JUAN DE MUYUNA,TENA,NAPO,1195.34,Bajo,3.013219442543047e-10
150350,ARCHIDONA,ARCHIDONA,NAPO,3292.96,Bajo,6.152783643894964e-26
150352,COTUNDO,ARCHIDONA,NAPO,2113.92,Bajo,2.486041066192896e-23
150354,SAN PABLO DE USHPAYACU,ARCHIDONA,NAPO,770.4,Bajo,4.8931785510955106e-05
150356,HATUN SUMAKU,ARCHIDONA,NAPO,1507.57,Bajo,2.9905282408298328e-15
150450,EL CHACO,EL CHACO,NAPO,2289.53,Bajo,1.84709893875961e-15
150451,GONZALO DIAZ DE PINEDA (EL BOMBON),EL CHACO,NAPO,1382.75,Bajo,3.252810873269467e-14
150452,LINARES,EL CHACO,NAPO,2188.95,Bajo,2.628348430129999e-15
150453,OYACACHI,EL CHACO,NAPO,3362.97,Bajo,1.805953942371788e-21
150454,SANTA ROSA,EL CHACO,NAPO,2119.36,Bajo,5.039433494411879e-16
150455,SARDINAS,EL CHACO,NAPO,2813.73,Bajo,2.6257183834720394e-18
150750,BAEZA,QUIJOS,NAPO,2746.3,Bajo,1.163422831087531e-18
150751,COSANGA,QUIJOS,NAPO,3140.46,Bajo,1.373297626379526e-24
150752,CUYUJA,QUIJOS,NAPO,3419.0,Bajo,5.433876932812837e-25
150753,PAPALLACTA,QUIJOS,NAPO,3861.5,Bajo,3.1126236606462293e-25
150754,SAN FRANCISCO DE BORJA (VIRGILIO DAVILA),QUIJOS,NAPO,2436.33,Bajo,2.2472762897927965e-16
150756,SUMACO,QUIJOS,NAPO,2250.7,Bajo,1.840410946524554e-16
150950,CARLOS JULIO AROSEMENA TOLA,CARLOS JULIO AROSEMENA TOLA,NAPO,1089.51,Bajo,6.006347253147736e-12
160150,PUYO,PASTAZA,PASTAZA,1018.8,Bajo,4.228539166903576e-06
160152,CANELOS,PASTAZA,PASTAZA,595.37,Bajo,0.00026369680123011335
160154,DIEZ DE AGOSTO,PASTAZA,PASTAZA,964.58,Bajo,4.773678008843826e-05
160155,FATIMA,PASTAZA,PASTAZA,1030.73,Bajo,4.3394896785528895e-06
160156,MONTALVO (ANDOAS),PASTAZA,PASTAZA,320.23,Medio,0.01911519053537347
160157,POMONA,PASTAZA,PASTAZA,914.42,Bajo,0.0001056661546118167
160158,RIO CORRIENTES,PASTAZA,PASTAZA,290.1,Medio,0.030688460242819408
160159,RIO TIGRE,PASTAZA,PASTAZA,228.62,Medio,0.04537655964919935
160161,SARAYACU,PASTAZA,PASTAZA,462.68,Bajo,0.0022070284872927476
160162,SIMON BOLIVAR (CAB. EN MUSHULLACTA),PASTAZA,PASTAZA,641.77,Bajo,0.00019227418003339922
160163,TARQUI,PASTAZA,PASTAZA,921.38,Bajo,6.0822378812654125e-05
160164,TENIENTE HUGO ORTIZ,PASTAZA,PASTAZA,1001.6,Bajo,3.16448104672996e-05
160165,VERACRUZ (INDILLAMA) (CAB. EN INDILLAMA),PASTAZA,PASTAZA,854.94,Bajo,4.5494737406722044e-05
160166,EL TRIUNFO,PASTAZA,PASTAZA,867.49,Bajo,4.822172662590547e-05
160250,MERA,MERA,PASTAZA,1472.66,Bajo,4.1401132968084836e-13
160251,MADRE TIERRA,MERA,PASTAZA,887.43,Bajo,5.2015374460701897e-05
160252,SHELL,MERA,PASTAZA,1095.65,Bajo,4.3169808829450866e-06
160350,SANTA CLARA,SANTA CLARA,PASTAZA,788.97,Bajo,7.294224820425311e-05
160351,SAN JOSE,SANTA CLARA,PASTAZA,951.25,Bajo,3.755876640017085e-05
160450,ARAJUNO,ARAJUNO,PASTAZA,597.65,Bajo,0.0001657775031273017
160451,CURARAY,ARAJUNO,PASTAZA,298.71,Medio,0.0063507117853778515
170150,QUITO,DISTRITO METROPOLITANO DE QUITO,PICHINCHA,3091.83,Bajo,1.8109169698060298e-20
170151,ALANGASI,DISTRITO METROPOLITANO DE QUITO,PICHINCHA,2583.6,Bajo,3.697772566144907e-14
170152,AMAGUAÑA,DISTRITO METROPOLITANO DE QUITO,PICHINCHA,2798.6,Bajo,2.3505566321479545e-17
170153,ATAHUALPA (HABASPAMBA),DISTRITO METROPOLITANO DE QUITO,PICHINCHA,2726.98,Bajo,5.89436538984263e-17
170154,CALACALI,DISTRITO METROPOLITANO DE QUITO,PICHINCHA,2492.69,Bajo,2.5222210399457326e-16
170155,CALDERON (CARAPUNGO),DISTRITO METROPOLITANO DE QUITO,PICHINCHA,2517.85,Bajo,2.0847479660925292e-13
170156,CONOCOTO,DISTRITO METROPOLITANO DE QUITO,PICHINCHA,2592.44,Bajo,1.9161967488112655e-13
170157,CUMBAYA,DISTRITO METROPOLITANO DE QUITO,PICHINCHA,2388.01,Bajo,6.005956890403779e-12
170158,CHAVEZPAMBA,DISTRITO METROPOLITANO DE QUITO,PICHINCHA,2127.22,Bajo,3.3363052157659955e-13
170159,CHECA (CHILPA),DISTRITO METROPOLITANO DE QUITO,PICHINCHA,3299.3,Bajo,4.6133185867235396e-20
170160,EL QUINCHE,DISTRITO METROPOLITANO DE QUITO,PICHINCHA,3047.98,Bajo,3.1594568890359866e-19
170161,GUALEA,DISTRITO METROPOLITANO DE QUITO,PICHINCHA,1358.69,Bajo,8.396669097642416e-09
170162,GUANGOPOLO,DISTRITO METROPOLITANO DE QUITO,PICHINCHA,2546.48,Bajo,3.748338197647872e-14
170163,GUAYLLABAMBA,DISTRITO METROPOLITANO DE QUITO,PICHINCHA,2195.61,Bajo,4.185515942587065e-12
170164,LA MERCED,DISTRITO METROPOLITANO DE QUITO,PICHINCHA,2641.09,Bajo,3.724067168940618e-14
170165,LLANO CHICO,DISTRITO METROPOLITANO DE QUITO,PICHINCHA,2595.08,Bajo,4.801224032254728e-13
170166,LLOA,DISTRITO METROPOLITANO DE QUITO,PICHINCHA,2753.09,Bajo,6.071390491275413e-21
170168,NANEGAL,DISTRITO METROPOLITANO DE QUITO,PICHINCHA,1663.95,Bajo,9.845231817384899e-13
170169,NANEGALITO,DISTRITO METROPOLITANO DE QUITO,PICHINCHA,1761.45,Bajo,7.889972802893975e-11
170170,NAYON,DISTRITO METROPOLITANO DE QUITO,PICHINCHA,2429.65,Bajo,1.2897698924837022e-12
170171,NONO,DISTRITO METROPOLITANO DE QUITO,PICHINCHA,2796.76,Bajo,2.3402036832336085e-20
170172,PACTO,DISTRITO METROPOLITANO DE QUITO,PICHINCHA,1063.12,Bajo,7.1802106895601e-08
170174,PERUCHO,DISTRITO METROPOLITANO DE QUITO,PICHINCHA,1988.75,Bajo,2.251918526836312e-11
170175,PIFO,DISTRITO METROPOLITANO DE QUITO,PICHINCHA,3558.05,Bajo,1.0899458774219225e-20
170176,PINTAG,DISTRITO METROPOLITANO DE QUITO,PICHINCHA,3645.88,Bajo,4.415932916425771e-22
170177,POMASQUI,DISTRITO METROPOLITANO DE QUITO,PICHINCHA,2671.3,Bajo,1.6971036726747787e-15
170178,PUELLARO,DISTRITO METROPOLITANO DE QUITO,PICHINCHA,2420.02,Bajo,4.2373332498082334e-15
170179,PUEMBO,DISTRITO METROPOLITANO DE QUITO,PICHINCHA,2373.26,Bajo,9.501792509395816e-12
170180,SAN ANTONIO,DISTRITO METROPOLITANO DE QUITO,PICHINCHA,2384.65,Bajo,1.7436218981849527e-15
170181,SAN JOSE DE MINAS,DISTRITO METROPOLITANO DE QUITO,PICHINCHA,2197.31,Bajo,4.883211256322767e-16
170183,TABABELA,DISTRITO METROPOLITANO DE QUITO,PICHINCHA,2374.73,Bajo,6.848805672083382e-12
170184,TUMBACO,DISTRITO METROPOLITANO DE QUITO,PICHINCHA,2471.26,Bajo,3.6398516822428064e-14
170185,YARUQUI,DISTRITO METROPOLITANO DE QUITO,PICHINCHA,3010.49,Bajo,2.936223650965331e-19
170186,ZAMBIZA,DISTRITO METROPOLITANO DE QUITO,PICHINCHA,2404.14,Bajo,2.2675221240263265e-12
170250,CAYAMBE,CAYAMBE,PICHINCHA,3694.75,Bajo,2.4031754212414595e-25
170251,ASCAZUBI,CAYAMBE,PICHINCHA,2949.2,Bajo,5.1507546961943364e-17
170252,CANGAHUA,CAYAMBE,PICHINCHA,3503.67,Bajo,8.679704369364444e-20
170253,OLMEDO (PESILLO),CAYAMBE,PICHINCHA,3588.92,Bajo,1.5420507712538172e-25
170254,OTON,CAYAMBE,PICHINCHA,2778.28,Bajo,1.1652767242898697e-15
170255,SANTA ROSA DE CUZUBAMBA,CAYAMBE,PICHINCHA,2625.33,Bajo,8.257779965988965e-16
170256,SAN JOSE DE AYORA,CAYAMBE,PICHINCHA,3344.37,Bajo,3.3870197830009756e-22
170350,MACHACHI,MEJIA,PICHINCHA,3642.1,Bajo,7.099311939368643e-22
170351,ALOAG,MEJIA,PICHINCHA,3146.78,Bajo,3.1573569091054394e-21
170352,ALOASI,MEJIA,PICHINCHA,3346.84,Bajo,7.765448617756903e-21
170353,CUTUGLAHUA,MEJIA,PICHINCHA,3308.56,Bajo,1.3607447145526966e-19
170354,EL CHAUPI,MEJIA,PICHINCHA,3692.69,Bajo,1.8602522669597144e-23
170355,MANUEL CORNEJO ASTORGA (TANDAPI),MEJIA,PICHINCHA,2163.79,Bajo,6.04190713008593e-18
170356,TAMBILLO,MEJIA,PICHINCHA,3066.02,Bajo,2.7958286120063118e-18
170357,UYUMBICHO,MEJIA,PICHINCHA,2931.14,Bajo,5.3462316980329624e-18
170450,TABACUNDO,PEDRO MONCAYO,PICHINCHA,3021.06,Bajo,8.53752322790246e-19
170451,LA ESPERANZA,PEDRO MONCAYO,PICHINCHA,3069.66,Bajo,6.888956661243253e-19
170452,MALCHINGUI,PEDRO MONCAYO,PICHINCHA,2613.15,Bajo,1.1484620439390162e-17
170453,TOCACHI,PEDRO MONCAYO,PICHINCHA,2997.52,Bajo,4.666923988996243e-19
170454,TUPIGACHI,PEDRO MONCAYO,PICHINCHA,3092.63,Bajo,3.79594784416351e-18
170550,SANGOLQUI,RUMIÑAHUI,PICHINCHA,2623.28,Bajo,1.8868677516986057e-13
170551,COTOGCHOA,RUMIÑAHUI,PICHINCHA,3021.56,Bajo,3.2041435703157336e-18
170552,RUMIPAMBA,RUMIÑAHUI,PICHINCHA,3354.36,Bajo,8.120000729131096e-19
170750,SAN MIGUEL DE LOS BANCOS,SAN MIGUEL DE LOS BANCOS,PICHINCHA,882.66,Bajo,1.6591605476483925e-07
170751,MINDO,SAN MIGUEL DE LOS BANCOS,PICHINCHA,1797.06,Bajo,5.673961312929577e-15
170850,PEDRO VICENTE MALDONADO,PEDRO VICENTE MALDONADO,PICHINCHA,524.23,Bajo,0.0007619606320428506
170950,PUERTO QUITO,PUERTO QUITO,PICHINCHA,241.81,Medio,0.032533923294963366
180150,AMBATO,AMBATO,TUNGURAHUA,2627.26,Bajo,1.6893261119840979e-13
180151,AMBATILLO,AMBATO,TUNGURAHUA,3224.51,Bajo,1.8986889423750545e-18
180152,ATAHUALPA (CHISALATA),AMBATO,TUNGURAHUA,2673.37,Bajo,7.415736534674878e-13
180153,AUGUSTO N. MARTINEZ (MUNDUGLEO),AMBATO,TUNGURAHUA,3077.6,Bajo,2.9368961530126e-18
180154,CONSTANTINO FERNANDEZ (CAB. EN CULLITAHUA),AMBATO,TUNGURAHUA,3222.6,Bajo,1.955052245579923e-18
180155,HUACHI GRANDE,AMBATO,TUNGURAHUA,2910.43,Bajo,2.703263336755929e-14
180156,IZAMBA,AMBATO,TUNGURAHUA,2551.48,Bajo,1.5433164523331862e-12
180157,JUAN BENIGNO VELA,AMBATO,TUNGURAHUA,3525.58,Bajo,4.1431490407902134e-21
180158,MONTALVO,AMBATO,TUNGURAHUA,2859.73,Bajo,8.39377455332438e-14
180159,PASA,AMBATO,TUNGURAHUA,3478.93,Bajo,3.460467813604069e-19
180160,PICAIGUA,AMBATO,TUNGURAHUA,2581.07,Bajo,1.2987875132379909e-12
180161,PILAGUIN (PILAHUIN),AMBATO,TUNGURAHUA,4009.48,Bajo,4.863972060595061e-25
180162,QUISAPINCHA (QUIZAPINCHA),AMBATO,TUNGURAHUA,3645.52,Bajo,1.153437410055404e-20
180163,SAN BARTOLOME DE PINLLOG,AMBATO,TUNGURAHUA,3177.64,Bajo,1.8101834551747615e-18
180164,SAN FERNANDO (PASA SAN FERNANDO),AMBATO,TUNGURAHUA,3865.35,Bajo,7.239961077719062e-21
180165,SANTA ROSA,AMBATO,TUNGURAHUA,3212.21,Bajo,2.191820653619249e-19
180166,TOTORAS,AMBATO,TUNGURAHUA,2723.86,Bajo,4.63406917693694e-13
180167,CUNCHIBAMBA,AMBATO,TUNGURAHUA,2684.1,Bajo,1.2659598213038476e-13
180168,UNAMUNCHO,AMBATO,TUNGURAHUA,2687.85,Bajo,2.4830384701541756e-13
180250,BAÑOS DE AGUA SANTA,BAÑOS DE AGUA SANTA,TUNGURAHUA,2861.16,Bajo,1.071872578017772e-21
180251,LLIGUA,BAÑOS DE AGUA SANTA,TUNGURAHUA,2420.92,Bajo,8.678873092040123e-14
180252,RIO NEGRO,BAÑOS DE AGUA SANTA,TUNGURAHUA,2513.0,Bajo,1.2978441856766247e-19
180253,RIO VERDE,BAÑOS DE AGUA SANTA,TUNGURAHUA,2907.87,Bajo,2.895222159503523e-20
180254,ULBA,BAÑOS DE AGUA SANTA,TUNGURAHUA,2525.94,Bajo,1.0982793055437425e-16
180350,CEVALLOS,CEVALLOS,TUNGURAHUA,2881.26,Bajo,4.0950835684864835e-14
180450,MOCHA,MOCHA,TUNGURAHUA,3728.79,Bajo,3.0599319331273283e-22
180451,PINGUILI,MOCHA,TUNGURAHUA,3047.7,Bajo,2.1200892164739758e-14
180550,PATATE,PATATE,TUNGURAHUA,2654.98,Bajo,5.1338745882115595e-17
180551,EL TRIUNFO,PATATE,TUNGURAHUA,3358.43,Bajo,1.1266395285034603e-19
180552,LOS ANDES (CAB. EN POATUG),PATATE,TUNGURAHUA,2750.57,Bajo,2.7053287368447163e-18
180553,SUCRE (CAB. EN SUCRE-PATATE URCU),PATATE,TUNGURAHUA,3367.23,Bajo,2.3182564203824914e-19
180650,QUERO,QUERO,TUNGURAHUA,3372.41,Bajo,8.751879419266067e-19
180651,RUMIPAMBA,QUERO,TUNGURAHUA,3572.42,Bajo,7.218269138882195e-20
180652,YANAYACU - MOCHAPATA (CAB. EN YANAYACU),QUERO,TUNGURAHUA,3679.83,Bajo,4.9782937163034143e-20
180750,PELILEO,SAN PEDRO DE PELILEO,TUNGURAHUA,2524.7,Bajo,4.1453877812982546e-16
180751,BENITEZ (PACHANLICA),SAN PEDRO DE PELILEO,TUNGURAHUA,2769.7,Bajo,1.885687326927946e-13
180752,BOLIVAR,SAN PEDRO DE PELILEO,TUNGURAHUA,3079.05,Bajo,1.2366578992318865e-16
180753,COTALO,SAN PEDRO DE PELILEO,TUNGURAHUA,2850.72,Bajo,2.213103632976699e-21
180754,CHIQUICHA (CAB. EN CHIQUICHA GRANDE),SAN PEDRO DE PELILEO,TUNGURAHUA,2594.61,Bajo,5.0849397225861417e-14
180755,EL ROSARIO (RUMICHACA),SAN PEDRO DE PELILEO,TUNGURAHUA,2758.63,Bajo,4.138384235214238e-14
180756,GARCIA MORENO (CHUMAQUI),SAN PEDRO DE PELILEO,TUNGURAHUA,2629.06,Bajo,6.492271545531486e-14
180757,GUAMBALO (HUAMBALO),SAN PEDRO DE PELILEO,TUNGURAHUA,2998.74,Bajo,2.594798833659281e-17
180758,SALASACA,SAN PEDRO DE PELILEO,TUNGURAHUA,2716.39,Bajo,2.5981107950438814e-13
180850,PILLARO,SANTIAGO DE PILLARO,TUNGURAHUA,3131.27,Bajo,6.74908102067293e-19
180851,BAQUERIZO MORENO,SANTIAGO DE PILLARO,TUNGURAHUA,3505.21,Bajo,8.177436376427485e-20
180852,EMILIO MARIA TERAN (RUMIPAMBA),SANTIAGO DE PILLARO,TUNGURAHUA,2963.5,Bajo,1.2296120213544194e-18
180853,MARCOS ESPINEL (CHACATA),SANTIAGO DE PILLARO,TUNGURAHUA,3803.1,Bajo,4.6735658848183485e-20
180854,PRESIDENTE URBINA (CHAGRAPAMBA -PATZUCUL),SANTIAGO DE PILLARO,TUNGURAHUA,2739.53,Bajo,1.8725768282126333e-13
180855,SAN ANDRES,SANTIAGO DE PILLARO,TUNGURAHUA,2954.76,Bajo,6.929140208482771e-15
180856,SAN JOSE DE POALO,SANTIAGO DE PILLARO,TUNGURAHUA,3704.43,Bajo,3.0299050379759856e-19
180857,SAN MIGUELITO,SANTIAGO DE PILLARO,TUNGURAHUA,2785.69,Bajo,7.506228148720951e-16
180950,TISALEO,TISALEO,TUNGURAHUA,3464.86,Bajo,2.322716169336622e-21
180951,QUINCHICOTO,TISALEO,TUNGURAHUA,3542.06,Bajo,3.767299632249237e-21
190150,ZAMORA,ZAMORA,ZAMORA CHINCHIPE,2256.39,Bajo,2.404228663772625e-16
190151,CUMBARATZA,ZAMORA,ZAMORA CHINCHIPE,1312.01,Bajo,2.1847022942872494e-10
190152,GUADALUPE,ZAMORA,ZAMORA CHINCHIPE,1536.1,Bajo,1.9063090625922415e-13
190153,IMBANA (LA VICTORIA DE IMBANA),ZAMORA,ZAMORA CHINCHIPE,2413.29,Bajo,3.1719191280378937e-15
190155,SABANILLA,ZAMORA,ZAMORA CHINCHIPE,2388.11,Bajo,1.273101582909723e-15
190156,TIMBARA,ZAMORA,ZAMORA CHINCHIPE,1807.92,Bajo,2.7741251240473606e-14
190158,SAN CARLOS DE LAS MINAS,ZAMORA,ZAMORA CHINCHIPE,1727.2,Bajo,9.70420263175836e-13
190250,ZUMBA,CHINCHIPE,ZAMORA CHINCHIPE,1580.93,Bajo,1.3981652365544665e-14
190251,CHITO,CHINCHIPE,ZAMORA CHINCHIPE,1661.6,Bajo,1.5029419316818355e-12
190252,EL CHORRO,CHINCHIPE,ZAMORA CHINCHIPE,1058.62,Bajo,6.63118141989766e-06
190254,LA CHONTA,CHINCHIPE,ZAMORA CHINCHIPE,1701.4362857142855,Bajo,2.4984881750055063e-12
190256,PUCAPAMBA,CHINCHIPE,ZAMORA CHINCHIPE,1701.4362857142855,Bajo,2.4984881750055063e-12
190259,SAN ANDRES,CHINCHIPE,ZAMORA CHINCHIPE,2744.58,Bajo,1.0133705269109523e-17
190350,GUAYZIMI,NANGARITZA,ZAMORA CHINCHIPE,1337.89,Bajo,3.8143821793409845e-11
190351,ZURMI,NANGARITZA,ZAMORA CHINCHIPE,1478.21,Bajo,5.512535309857438e-12
190352,NUEVO PARAISO,NANGARITZA,ZAMORA CHINCHIPE,1671.09,Bajo,3.509949442352666e-13
190450,28 DE MAYO (SAN JOSE DE YACUAMBI),YACUAMBI,ZAMORA CHINCHIPE,2216.79,Bajo,1.9112186944386854e-15
190451,LA PAZ,YACUAMBI,ZAMORA CHINCHIPE,1916.68,Bajo,1.704628604618326e-14
190452,TUTUPALI,YACUAMBI,ZAMORA CHINCHIPE,2635.79,Bajo,2.2203368482478744e-17
190550,YANTZAZA (YANZATZA),YANTZAZA,ZAMORA CHINCHIPE,1203.64,Bajo,1.4461119214172559e-09
190551,CHICAÑA,YANTZAZA,ZAMORA CHINCHIPE,1525.49,Bajo,1.1969082082866814e-12
190553,LOS ENCUENTROS,YANTZAZA,ZAMORA CHINCHIPE,1447.09,Bajo,4.1408647237856277e-10
190650,EL PANGUI,EL PANGUI,ZAMORA CHINCHIPE,1195.29,Bajo,4.890757659962267e-09
190651,EL GUISME,EL PANGUI,ZAMORA CHINCHIPE,986.24,Bajo,4.216028282735117e-08
190652,PACHICUTZA,EL PANGUI,ZAMORA CHINCHIPE,1300.41,Bajo,6.624344051964613e-10
190653,TUNDAYME,EL PANGUI,ZAMORA CHINCHIPE,1427.14,Bajo,1.46611220824375e-09
190750,ZUMBI,CENTINELA DEL CONDOR,ZAMORA CHINCHIPE,1317.97,Bajo,1.8015172459878177e-09
190752,TRIUNFO-DORADO,CENTINELA DEL CONDOR,ZAMORA CHINCHIPE,1063.05,Bajo,2.904889993933191e-07
190753,PANGUINTZA,CENTINELA DEL CONDOR,ZAMORA CHINCHIPE,1240.71,Bajo,8.464241525630406e-09
190850,PALANDA,PALANDA,ZAMORA CHINCHIPE,2367.03,Bajo,6.254752528261678e-17
190851,EL PORVENIR DEL CARMEN,PALANDA,ZAMORA CHINCHIPE,2069.04,Bajo,1.1067820887184685e-15
190852,SAN FRANCISCO DEL VERGEL,PALANDA,ZAMORA CHINCHIPE,1722.01,Bajo,9.69666322933286e-12
190853,VALLADOLID,PALANDA,ZAMORA CHINCHIPE,2488.26,Bajo,4.7347720995391974e-17
190854,LA CANELA,PALANDA,ZAMORA CHINCHIPE,2174.72,Bajo,3.7591144601765366e-14
190950,PAQUISHA,PAQUISHA,ZAMORA CHINCHIPE,1533.57,Bajo,1.462394876090726e-10
190951,BELLAVISTA,PAQUISHA,ZAMORA CHINCHIPE,1441.27,Bajo,3.3132147982953647e-09
190952,NUEVO QUITO,PAQUISHA,ZAMORA CHINCHIPE,1304.14,Bajo,2.3600915082375368e-09
210150,NUEVA LOJA,LAGO AGRIO,SUCUMBIOS,305.02,Medio,0.03343890460583702
210152,DURENO,LAGO AGRIO,SUCUMBIOS,285.13,Medio,0.035624123808177255
210153,GENERAL FARFAN,LAGO AGRIO,SUCUMBIOS,295.09,Medio,0.034233213679793824
210155,EL ENO,LAGO AGRIO,SUCUMBIOS,311.66,Medio,0.029199770358375524
210156,PACAYACU,LAGO AGRIO,SUCUMBIOS,279.68,Medio,0.03747979173677095
210157,JAMBELI,LAGO AGRIO,SUCUMBIOS,357.22,Medio,0.008611356568728579
210158,SANTA CECILIA,LAGO AGRIO,SUCUMBIOS,322.21,Medio,0.028411946765205077
210160,10 DE AGOSTO,LAGO AGRIO,SUCUMBIOS,307.87,Medio,0.029672625736367888
210250,LUMBAQUI,GONZALO PIZARRO,SUCUMBIOS,734.7,Bajo,2.5731068029501115e-05
210251,EL REVENTADOR,GONZALO PIZARRO,SUCUMBIOS,2392.58,Bajo,9.933696678351472e-18
210252,GONZALO PIZARRO,GONZALO PIZARRO,SUCUMBIOS,679.52,Bajo,3.379676068938282e-05
210254,PUERTO LIBRE,GONZALO PIZARRO,SUCUMBIOS,1152.12,Bajo,2.471456656939454e-12
210350,PUERTO EL CARMEN DEL PUTUMAYO,PUTUMAYO,SUCUMBIOS,241.57,Medio,0.048229714760585844
210351,PALMA ROJA,PUTUMAYO,SUCUMBIOS,262.04,Medio,0.04047474326252715
210352,PUERTO BOLIVAR (PUERTO MONTUFAR),PUTUMAYO,SUCUMBIOS,252.36,Medio,0.04431856279072377
210353,PUERTO RODRIGUEZ,PUTUMAYO,SUCUMBIOS,215.15,Medio,0.05848586092092151
210354,SANTA ELENA,PUTUMAYO,SUCUMBIOS,268.01,Medio,0.04104482309259256
210450,SHUSHUFINDI,SHUSHUFINDI,SUCUMBIOS,263.23,Medio,0.04042014927779416
210451,LIMONCOCHA,SHUSHUFINDI,SUCUMBIOS,250.95,Medio,0.0467126398851112
210452,PAÑACOCHA,SHUSHUFINDI,SUCUMBIOS,235.66,Medio,0.04628844566050184
210453,SAN ROQUE (CAB. EN SAN VICENTE),SHUSHUFINDI,SUCUMBIOS,246.7,Medio,0.043136339813585244
210454,SAN PEDRO DE LOS COFANES,SHUSHUFINDI,SUCUMBIOS,291.37,Medio,0.03636207877831393
210455,SIETE DE JULIO,SHUSHUFINDI,SUCUMBIOS,281.52,Medio,0.038774089254041806
210550,LA BONITA,SUCUMBIOS,SUCUMBIOS,2668.89,Bajo,1.2273407680440156e-18
210551,EL PLAYON DE SAN FRANCISCO,SUCUMBIOS,SUCUMBIOS,3231.71,Bajo,3.1183714086420666e-19
210552,LA SOFIA,SUCUMBIOS,SUCUMBIOS,2377.76,Bajo,1.4471466847614363e-17
210553,ROSA FLORIDA,SUCUMBIOS,SUCUMBIOS,1695.33,Bajo,1.3543212220533692e-14
210554,SANTA BARBARA,SUCUMBIOS,SUCUMBIOS,2829.35,Bajo,1.505247019849365e-17
210650,EL DORADO DE CASCALES,CASCALES,SUCUMBIOS,544.78,Bajo,1.1946961788776828e-07
210651,SANTA ROSA DE SUCUMBIOS,CASCALES,SUCUMBIOS,385.69,Medio,0.018323976775532606
210652,SEVILLA,CASCALES,SUCUMBIOS,368.12,Medio,0.017469651324087992
210750,TARAPOA,CUYABENO,SUCUMBIOS,245.11,Medio,0.0443274344320581
210751,CUYABENO,CUYABENO,SUCUMBIOS,222.62,Medio,0.05270215192702695
210752,AGUAS NEGRAS,CUYABENO,SUCUMBIOS,239.65,Medio,0.0457915851808292
220150,PUERTO FRANCISCO DE ORELLANA (EL COCA),ORELLANA,ORELLANA,263.84,Medio,0.040889516000229754
220151,DAYUMA,ORELLANA,ORELLANA,295.26,Medio,0.03199374333863675
220152,TARACOA (NUEVA ESPERANZA: YUCA),ORELLANA,ORELLANA,283.06,Medio,0.03408332318875092
220153,ALEJANDRO LABAKA,ORELLANA,ORELLANA,259.79,Medio,0.0372606787404154
220154,EL DORADO,ORELLANA,ORELLANA,288.4,Medio,0.035287689692252745
220155,EL EDEN,ORELLANA,ORELLANA,231.08,Medio,0.04921294801407416
220156,GARCIA MORENO,ORELLANA,ORELLANA,294.45,Medio,0.032025013288096454
220157,INES ARANGO (CAB. EN WESTERN),ORELLANA,ORELLANA,300.76,Medio,0.02765599222392751
220158,LA BELLEZA,ORELLANA,ORELLANA,323.72,Medio,0.02510903665910152
220159,NUEVO PARAISO (CAB. EN UNION ),ORELLANA,ORELLANA,282.19,Medio,0.030555790863215235
220160,SAN JOSE DE GUAYUSA,ORELLANA,ORELLANA,374.93,Medio,0.005380676761609376
220161,SAN LUIS DE ARMENIA,ORELLANA,ORELLANA,305.65,Medio,0.02609490726262262
220250,NUEVO ROCAFUERTE,AGUARICO,ORELLANA,206.27,Medio,0.059306893219977626
220251,CAPITAN AUGUSTO RIVADENEYRA,AGUARICO,ORELLANA,215.56,Medio,0.05830066284931839
220252,CONONACO,AGUARICO,ORELLANA,242.86,Medio,0.04103710354546543
220253,SANTA MARIA DE HUIRIRIMA,AGUARICO,ORELLANA,208.21,Medio,0.06114448859224616
220254,TIPUTINI,AGUARICO,ORELLANA,208.79,Medio,0.06086917566559741
220255,YASUNI,AGUARICO,ORELLANA,205.65,Medio,0.06072534836003065
220350,LA JOYA DE LOS SACHAS,LA JOYA DE LOS SACHAS,ORELLANA,275.07,Medio,0.036895901677815736
220351,ENOKANQUI,LA JOYA DE LOS SACHAS,ORELLANA,281.61,Medio,0.03896796992511281
220352,POMPEYA,LA JOYA DE LOS SACHAS,ORELLANA,253.15,Medio,0.04608417858151575
220353,SAN CARLOS,LA JOYA DE LOS SACHAS,ORELLANA,265.36,Medio,0.03992676785911881
220354,SAN SEBASTIAN DEL COCA,LA JOYA DE LOS SACHAS,ORELLANA,320.1,Medio,0.028898618799891616
220355,LAGO SAN PEDRO,LA JOYA DE LOS SACHAS,ORELLANA,296.92,Medio,0.03365985589329811
220356,RUMIPAMBA,LA JOYA DE LOS SACHAS,ORELLANA,321.5,Medio,0.029782004804276393
220357,TRES DE NOVIEMBRE,LA JOYA DE LOS SACHAS,ORELLANA,306.64,Medio,0.031680570843884225
220358,UNION MILAGREÑA,LA JOYA DE LOS SACHAS,ORELLANA,259.65,Medio,0.04426760742201712
220450,LORETO,LORETO,ORELLANA,394.09,Medio,0.011698171728452368
220451,AVILA (CAB. EN HUIRUNO),LORETO,ORELLANA,644.41,Bajo,1.8014236613928723e-08
220452,PUERTO MURIALDO,LORETO,ORELLANA,301.85,Medio,0.031190108443383473
220453,SAN JOSE DE PAYAMINO,LORETO,ORELLANA,607.54,Bajo,4.876921883172771e-12
220454,SAN JOSE DE DAHUANO,LORETO,ORELLANA,490.74,Bajo,1.106472553048332e-05
220455,SAN VICENTE DE HUATICOCHA,LORETO,ORELLANA,1088.24,Bajo,1.0120796814269102e-10
230150,SANTO DOMINGO DE LOS COLORADOS,SANTO DOMINGO,SANTO DOMINGO DE LOS TSACHILAS,603.49,Bajo,9.450515580060463e-07
230151,ALLURIQUIN,SANTO DOMINGO,SANTO DOMINGO DE LOS TSACHILAS,1337.93,Bajo,2.6718309876796e-12
230152,PUERTO LIMON,SANTO DOMINGO,SANTO DOMINGO DE LOS TSACHILAS,274.8,Medio,0.027488659923460723
230153,LUZ DE AMERICA,SANTO DOMINGO,SANTO DOMINGO DE LOS TSACHILAS,255.44,Medio,0.021435521007370093
230154,SAN JACINTO DEL BUA,SANTO DOMINGO,SANTO DOMINGO DE LOS TSACHILAS,255.78,Medio,0.041485551276859906
230155,VALLE HERMOSO,SANTO DOMINGO,SANTO DOMINGO DE LOS TSACHILAS,373.81,Medio,0.009584345226645502
230156,EL ESFUERZO,SANTO DOMINGO,SANTO DOMINGO DE LOS TSACHILAS,711.9,Bajo,1.543434142478639e-08
230157,SANTA MARIA DEL TOACHI,SANTO DOMINGO,SANTO DOMINGO DE LOS TSACHILAS,642.35,Bajo,8.261012338110111e-09
230250,LA CONCORDIA,LA CONCORDIA,SANTO DOMINGO DE LOS TSACHILAS,230.19,Medio,0.0493037598761712
230251,MONTERREY,LA CONCORDIA,SANTO DOMINGO DE LOS TSACHILAS,185.13,Medio,0.07723975446971897
230252,LA VILLEGAS,LA CONCORDIA,SANTO DOMINGO DE LOS TSACHILAS,226.55,Medio,0.05459407049555298
230253,PLAN PILOTO,LA CONCORDIA,SANTO DOMINGO DE LOS TSACHILAS,252.03,Medio,0.045399628881362925
240150,SANTA ELENA,SANTA ELENA,SANTA ELENA,163.01,Bajo,0.1165416936128512
240151,ATAHUALPA,SANTA ELENA,SANTA ELENA,163.01,Bajo,0.1165416936128512
240152,COLONCHE,SANTA ELENA,SANTA ELENA,230.12,Medio,0.03673625021313188
240153,CHANDUY,SANTA ELENA,SANTA ELENA,97.02,Alto,0.8828720243920284
240154,MANGLARALTO,SANTA ELENA,SANTA ELENA,163.01,Bajo,0.1165416936128512
240155,SIMON BOLIVAR (JULIO MORENO),SANTA ELENA,SANTA ELENA,161.89,Medio,0.10424437317835672
240156,SAN JOSE DE ANCON,SANTA ELENA,SANTA ELENA,163.01,Bajo,0.1165416936128512
240250,LA LIBERTAD,LA LIBERTAD,SANTA ELENA,163.01,Bajo,0.1165416936128512
240350,SALINAS,SALINAS,SANTA ELENA,163.01,Bajo,0.1165416936128512
240351,ANCONCITO,SALINAS,SANTA ELENA,163.01,Bajo,0.1165416936128512
240352,JOSE LUIS TAMAYO (MUEY),SALINAS,SANTA ELENA,163.01,Bajo,0.1165416936128512
900451,EL PIEDRERO,EL PIEDRERO,EL PIEDRERO,293.21,Medio,0.004174725770487365
900551,ABDON CALDERON ZONA EN ESTUDIO: AZUAY- GUAYAS,ABDON CALDERON ZONA EN ESTUDIO: AZUAY- GUAYAS,ABDON CALDERON ZONA EN ESTUDIO: AZUAY- GUAYAS,176.88,Medio,0.09261403910971881
900651,JUVAL,JUVAL,JUVAL,3521.11,Bajo,1.0552310071182353e-21
900751,MATILDE ESTHER,MATILDE ESTHER,MATILDE ESTHER,112.81,Alto,0.7267815050686296
900851,SANTA ROSA DE AGUA CLARA,SANTA ROSA DE AGUA CLARA,SANTA ROSA DE AGUA CLARA,886.97,Bajo,4.1619813683029966e-08
ISLA,ISLA,ISLA,ISLA,3.07,Alto,0.9999998942755481
